-- phpMyAdmin SQL Dump
-- version 4.5.4.1deb2ubuntu2
-- http://www.phpmyadmin.net
--
-- 主機: localhost
-- 產生時間： 2018 年 02 月 08 日 22:13
-- 伺服器版本: 5.7.20-0ubuntu0.16.04.1
-- PHP 版本： 7.0.22-0ubuntu0.16.04.1

SET SQL_MODE = "NO_AUTO_VALUE_ON_ZERO";
SET time_zone = "+00:00";


/*!40101 SET @OLD_CHARACTER_SET_CLIENT=@@CHARACTER_SET_CLIENT */;
/*!40101 SET @OLD_CHARACTER_SET_RESULTS=@@CHARACTER_SET_RESULTS */;
/*!40101 SET @OLD_COLLATION_CONNECTION=@@COLLATION_CONNECTION */;
/*!40101 SET NAMES utf8mb4 */;

--
-- 資料庫： `kuangchuan`
--

-- --------------------------------------------------------

--
-- 資料表結構 `about`
--

CREATE TABLE `about` (
  `id` int(4) NOT NULL,
  `title` varchar(30) COLLATE utf8_unicode_ci NOT NULL,
  `context` text COLLATE utf8_unicode_ci,
  `created_at` timestamp NOT NULL DEFAULT CURRENT_TIMESTAMP,
  `updated_at` datetime DEFAULT NULL
) ENGINE=InnoDB DEFAULT CHARSET=utf8 COLLATE=utf8_unicode_ci;

-- --------------------------------------------------------

--
-- 資料表結構 `activity`
--

CREATE TABLE `activity` (
  `id` int(10) NOT NULL,
  `storeid` int(4) DEFAULT '0',
  `views` int(4) NOT NULL DEFAULT '0',
  `context` text COLLATE utf8_unicode_ci,
  `link` text COLLATE utf8_unicode_ci,
  `rank` int(4) NOT NULL DEFAULT '0',
  `created_at` timestamp NOT NULL DEFAULT CURRENT_TIMESTAMP
) ENGINE=InnoDB DEFAULT CHARSET=utf8 COLLATE=utf8_unicode_ci;

--
-- 資料表的匯出資料 `activity`
--

INSERT INTO `activity` (`id`, `storeid`, `views`, `context`, `link`, `rank`, `created_at`) VALUES
(1, 118, 2, NULL, NULL, 0, '2018-01-16 13:32:08'),
(2, 129, 9, NULL, NULL, 0, '2018-01-16 13:34:30'),
(3, 212, 2, NULL, NULL, 0, '2018-01-16 13:34:39'),
(4, 167, 2, NULL, NULL, 0, '2018-01-16 13:34:42'),
(5, 124, 1, NULL, NULL, 0, '2018-01-16 13:34:55'),
(6, 67, 1, NULL, NULL, 0, '2018-01-16 14:17:52'),
(7, 53, 1, NULL, NULL, 0, '2018-01-16 14:17:53'),
(8, 173, 1, NULL, NULL, 0, '2018-01-16 14:17:54'),
(9, 197, 1, NULL, NULL, 0, '2018-01-16 14:17:54'),
(10, 132, 2, NULL, NULL, 0, '2018-01-16 14:17:55'),
(11, 117, 1, NULL, NULL, 0, '2018-01-17 14:36:01'),
(12, 77, 1, NULL, NULL, 0, '2018-01-29 05:41:20'),
(13, 46, 1, NULL, NULL, 0, '2018-01-29 05:41:55'),
(14, 159, 1, NULL, NULL, 0, '2018-01-29 05:42:09'),
(15, 140, 1, NULL, NULL, 0, '2018-01-29 05:42:12'),
(16, 135, 1, NULL, NULL, 0, '2018-01-29 05:42:18'),
(17, 49, 1, NULL, NULL, 0, '2018-01-29 05:42:32'),
(18, 211, 1, NULL, NULL, 0, '2018-01-29 05:44:13'),
(19, 124, 1, NULL, NULL, 0, '2018-02-06 03:48:33'),
(20, 212, 1, NULL, NULL, 0, '2018-02-06 03:48:41'),
(21, 39, 1, NULL, NULL, 0, '2018-02-06 04:20:01'),
(22, 19, 1, NULL, NULL, 0, '2018-02-06 06:08:34'),
(23, 199, 1, NULL, NULL, 0, '2018-02-06 11:17:49'),
(24, 67, 2, NULL, NULL, 0, '2018-02-07 01:14:34'),
(25, 41, 1, NULL, NULL, 0, '2018-02-07 13:48:02'),
(26, 206, 1, NULL, NULL, 0, '2018-02-07 13:48:14'),
(27, 59, 1, NULL, NULL, 0, '2018-02-07 15:26:07'),
(28, 59, 1, NULL, NULL, 0, '2018-02-08 01:40:27'),
(29, 197, 2, NULL, NULL, 0, '2018-02-08 01:40:34'),
(30, 67, 1, NULL, NULL, 0, '2018-02-08 01:42:34'),
(31, 118, 3, NULL, NULL, 0, '2018-02-08 01:49:20'),
(32, 129, 1, NULL, NULL, 0, '2018-02-08 01:49:25'),
(33, 132, 1, NULL, NULL, 0, '2018-02-08 01:50:07');

-- --------------------------------------------------------

--
-- 資料表結構 `cityarea`
--

CREATE TABLE `cityarea` (
  `id` int(4) NOT NULL COMMENT '區域編號',
  `orank` int(10) DEFAULT NULL,
  `name` varchar(30) COLLATE utf8_unicode_ci NOT NULL COMMENT '區域名稱',
  `mark` varchar(30) COLLATE utf8_unicode_ci DEFAULT NULL,
  `road_name` varchar(200) COLLATE utf8_unicode_ci DEFAULT NULL
) ENGINE=MyISAM DEFAULT CHARSET=utf8 COLLATE=utf8_unicode_ci;

--
-- 資料表的匯出資料 `cityarea`
--

INSERT INTO `cityarea` (`id`, `orank`, `name`, `mark`, `road_name`) VALUES
(1, 2, '基隆市', 'A', '基隆市全區|仁愛區|信義區|中正區|中山區|安樂區|暖暖區|七堵區'),
(2, 3, '台北市', 'B', '台北市全區|中正區|大同區|中山區|松山區|大安區|萬華區|信義區|士林區|北投區|內湖區|南港區|文山區'),
(3, 4, '新北市', 'C', '新北市全區|萬里區|金山區|板橋區|汐止區|深坑區|石碇區|瑞芳區|平溪區|雙溪區|貢寮區|新店區|坪林區|烏來區|永和區|中和區|土城區|三峽區|樹林區|鶯歌區|三重區|新莊區|泰山區|林口區|蘆洲區|五股區|八里區|淡水區|三芝區|石門區'),
(4, 5, '桃園市', 'D', '桃園縣全區|中壢區|平鎮區|龍潭區|楊梅區|新屋區|觀音區|桃園區|龜山區|八德區|大溪區|復興區|大園區|蘆竹區'),
(5, 6, '新竹市', 'E', '新竹市全區|東區|北區|香山區'),
(6, 7, '新竹縣', 'F', '新竹縣全區|竹北市|湖口鄉|新豐鄉|新埔鎮|關西鎮|芎林鄉|寶山鄉|竹東鎮|五峰鄉|橫山鄉|尖石鄉|北埔鄉|峨眉鄉'),
(7, 8, '苗栗縣', 'G', '苗栗縣全區|竹南鎮|頭份鎮|三灣鄉|南庄鄉|獅潭鄉|後龍鎮|通霄鎮|苑裡鎮|苗栗市|造橋鄉|公館鄉|泰安鄉|銅鑼鄉|三義鄉|西湖鄉|卓蘭鎮'),
(8, 9, '台中市', 'H', '台中市全區|中區|東區|南區|西區|北區|北屯區|西屯區|南屯區|太平區|大里區|霧峰區|烏日區|豐原區|后里區|石岡區|東勢區|和平區|新社區|潭子區|大雅區|神岡區|大肚區|沙鹿區|龍井區|梧棲區|清水區|大甲區|外埔區|大安區'),
(9, 10, '彰化縣', 'I', '彰化市全區|彰化市|芬園鄉|花壇鄉|秀水鄉|鹿港鎮|福興鄉|線西鄉|和美鎮|伸港鄉|員林鄉|永靖鄉|埔心鄉|溪湖鎮|大村鄉|埔鹽鄉|田中鎮|北斗鎮|田尾鄉|埤頭鄉|溪州鄉|竹塘鄉|二林鎮|大城鄉|芳苑鄉|二水鄉'),
(10, 11, '南投縣', 'J', '南投縣全區|南投市|中寮鄉|草屯鎮|國姓鄉|埔里鎮|仁愛鄉|名間鄉|集集鎮|水里鄉|魚池鄉|信義鄉|竹山鎮|鹿谷鄉'),
(11, 12, '雲林縣', 'K', '雲林縣全區|斗南鎮|大埤鄉|虎尾鎮|土庫鎮|褒忠鄉|東勢鄉|台西鄉|崙背鄉|麥寮鄉|斗六市|林內鄉|古坑鄉|莿桐鄉|西螺鎮|二崙鄉|北港鎮|水林鄉|口湖鄉|四湖鄉|元長鄉'),
(12, 13, '嘉義市', 'L', '嘉義市全區|東區|西區'),
(13, 14, '嘉義縣', 'M', '嘉義縣全區|番路鄉|梅山鄉|竹崎鄉|阿里山鄉|中埔鄉|大埔鄉|水上鄉|鹿草鄉|太保市|朴子市|東石鄉|六腳鄉|新港鄉|民雄鄉|大林鎮|溪口鄉|義竹鄉|布袋鎮'),
(14, 15, '台南市', 'N', '台南市全區|中西區|東區|南區|北區|安平區|安南區|永康區|歸仁區|新化區|左鎮區|玉井區|楠西區|南化區|仁德區|關廟區|龍崎嶇|官田區|麻豆區|佳里區|西港區|七股區|將軍區|學甲區|北門區|新營區|後壁區|白河區|東山區|六甲區|下營區|柳營區|鹽水區|善化區|大內區|山上區|新市區|安定區'),
(15, 16, '高雄市', 'O', '高雄市全區|新興區|前金區|苓雅區|鹽埕區|鼓山區|旗津區|前鎮區|三民區|楠梓區|小港區|左營區|仁武區|大社區|東沙群島|南沙群島|岡山區|路竹區|阿蓮區|田寮區|燕巢區|橋頭區|梓官區|彌陀區|永安區|湖內區|鳳山區|大寮區|林園區|烏林區|大樹區|旗山區|美濃區|六龜區|內門區|杉林區|甲仙區|桃源區|那瑪夏區|茂林區|茄萣區'),
(16, 17, '屏東縣', 'P', '屏東縣全區|屏東市|三地門鄉|霧台鄉|瑪家鄉|九如鄉|里港鄉|高樹鄉|鹽埔鄉|長治鄉|麟洛鄉|竹田鄉|內埔鄉|萬丹鄉|潮州鎮|泰武鄉|來義鄉|萬巒鄉|崁頂鄉|新埤鄉|南州鄉|林邊鄉|東港鎮|琉球鄉|佳冬鄉|新園鄉|枋寮鄉|枋山鄉|春日鄉|獅子鄉|車城鄉|牡丹鄉|恆春鎮|滿州鄉'),
(17, 18, '台東縣', 'Q', '台東縣全區|台東市|綠島鄉|蘭嶼鄉|延平鄉|卑南鄉|鹿野鄉|關山鎮|海端鄉|池上鄉|東河鄉|成功鎮|長濱鄉|太麻里鄉|金峰鄉|大武鄉|達仁鄉'),
(18, 19, '花蓮縣', 'R', '花蓮縣全區|花蓮市|新城鄉|秀林鄉|吉安鄉|壽豐鄉|鳳林鄉|光復鄉|豐濱鄉|瑞穗鄉|萬榮鄉|玉里鎮|卓溪鄉|富里鄉'),
(19, 20, '宜蘭縣', NULL, '宜蘭縣全區|宜蘭市|頭城鎮|礁溪鄉|壯圍鄉|員山鄉|羅東鎮|三星鄉|大同鄉|五結鄉|冬山鄉|蘇澳鄉|釣魚台'),
(20, 21, '澎湖縣', NULL, '澎湖縣全區|馬公市|西嶼鄉|望安鄉|七美鄉|白沙鄉|湖西鄉'),
(21, 22, '金門縣', NULL, '金門縣全區|金沙鎮|金湖鎮|金寧鄉|金城鎮|烈嶼鄉|烏坵鄉'),
(22, 23, '連江縣', NULL, '連江縣全區|南竿鄉|北竿鄉|莒光鄉|東引鄉'),
(65, 1, '全區(全國)', '', '全區(全國)');

-- --------------------------------------------------------

--
-- 資料表結構 `company`
--

CREATE TABLE `company` (
  `id` int(4) NOT NULL,
  `phone` varchar(15) COLLATE utf8_unicode_ci DEFAULT NULL COMMENT '電話',
  `fax` varchar(15) COLLATE utf8_unicode_ci DEFAULT NULL COMMENT '傳真',
  `email` varchar(50) COLLATE utf8_unicode_ci DEFAULT NULL,
  `address` varchar(50) COLLATE utf8_unicode_ci DEFAULT NULL COMMENT '地址',
  `created_at` timestamp NOT NULL DEFAULT CURRENT_TIMESTAMP,
  `updated_at` datetime DEFAULT NULL
) ENGINE=MyISAM DEFAULT CHARSET=utf8 COLLATE=utf8_unicode_ci;

--
-- 資料表的匯出資料 `company`
--

INSERT INTO `company` (`id`, `phone`, `fax`, `email`, `address`, `created_at`, `updated_at`) VALUES
(2, '123-456-7890', ' 123-456-7890', 'info@mysite.com', '500 Terry Francois Street,SF, CA 94158', '2017-06-11 14:06:46', '2017-06-11 22:06:46');

-- --------------------------------------------------------

--
-- 資料表結構 `contact`
--

CREATE TABLE `contact` (
  `id` int(4) NOT NULL,
  `name` varchar(10) COLLATE utf8_unicode_ci DEFAULT NULL,
  `email` varchar(50) COLLATE utf8_unicode_ci DEFAULT NULL,
  `title` varchar(30) COLLATE utf8_unicode_ci NOT NULL,
  `context` text COLLATE utf8_unicode_ci,
  `created_at` timestamp NOT NULL DEFAULT CURRENT_TIMESTAMP,
  `updated_at` datetime DEFAULT NULL
) ENGINE=InnoDB DEFAULT CHARSET=utf8 COLLATE=utf8_unicode_ci;

-- --------------------------------------------------------

--
-- 資料表結構 `hot`
--

CREATE TABLE `hot` (
  `id` int(10) NOT NULL,
  `title` varchar(25) CHARACTER SET utf8 NOT NULL,
  `context` text COLLATE utf8_unicode_ci,
  `link` text COLLATE utf8_unicode_ci,
  `image_path` text COLLATE utf8_unicode_ci,
  `rank` int(4) NOT NULL DEFAULT '0',
  `created_at` timestamp NOT NULL DEFAULT CURRENT_TIMESTAMP
) ENGINE=InnoDB DEFAULT CHARSET=utf8 COLLATE=utf8_unicode_ci;

--
-- 資料表的匯出資料 `hot`
--

INSERT INTO `hot` (`id`, `title`, `context`, `link`, `image_path`, `rank`, `created_at`) VALUES
(2, '直擊2016時尚名人婚禮', '<p>今年夏天包括巴西辣模安娜碧翠茲巴洛絲</p>\r\n', 'http://www.elle.com.tw/fashion/star_fashion/celebrity-wedding-dresses-brides-2016', 'f65fccf66488e18882137357fea7ab9d.jpg', 2, '2017-07-04 05:05:26'),
(3, '全智賢美麗大器的典範', '<p>宋慧喬甜美自然，全智賢率真性感，兩位都是收放自如的演技派大美女！</p>\r\n', 'http://twinklingeating.pixnet.net/blog/post/34755293', '67f0aed30145541fad31bf6b802b5afd.jpg', 1, '2017-08-09 10:03:25');

-- --------------------------------------------------------

--
-- 資料表結構 `image`
--

CREATE TABLE `image` (
  `id` int(10) NOT NULL,
  `pid` int(10) NOT NULL,
  `title` varchar(255) CHARACTER SET utf8 DEFAULT NULL,
  `type` varchar(25) COLLATE utf8_unicode_ci NOT NULL,
  `path` varchar(255) CHARACTER SET utf8 NOT NULL,
  `size` int(11) NOT NULL,
  `created_at` timestamp NOT NULL DEFAULT CURRENT_TIMESTAMP,
  `rank` int(11) NOT NULL DEFAULT '0'
) ENGINE=InnoDB DEFAULT CHARSET=utf8 COLLATE=utf8_unicode_ci;

-- --------------------------------------------------------

--
-- 資料表結構 `keyvalue`
--

CREATE TABLE `keyvalue` (
  `id` int(4) NOT NULL,
  `keyword` varchar(30) COLLATE utf8_unicode_ci NOT NULL,
  `val` varchar(100) COLLATE utf8_unicode_ci DEFAULT NULL,
  `val2` varchar(100) COLLATE utf8_unicode_ci DEFAULT NULL,
  `val3` varchar(100) COLLATE utf8_unicode_ci DEFAULT NULL,
  `val4` varchar(100) COLLATE utf8_unicode_ci DEFAULT NULL,
  `val5` varchar(100) COLLATE utf8_unicode_ci DEFAULT NULL,
  `val6` varchar(100) COLLATE utf8_unicode_ci DEFAULT NULL,
  `rank` int(4) NOT NULL DEFAULT '0'
) ENGINE=InnoDB DEFAULT CHARSET=utf8 COLLATE=utf8_unicode_ci ROW_FORMAT=COMPACT;

--
-- 資料表的匯出資料 `keyvalue`
--

INSERT INTO `keyvalue` (`id`, `keyword`, `val`, `val2`, `val3`, `val4`, `val5`, `val6`, `rank`) VALUES
(1, 'story', 'b3012a03951932de0776329ca3e4320f.png', 'c067d0a2b72f264a3f9540021ce90f4d.png', NULL, NULL, NULL, NULL, 0),
(2, 'fold', 'a0e9f171bbf0042a898b275b482ea485.png', '52089d71a24e2fd0fa095dae9c0905c6.png', 'c4a4365197e3ed457fa3072f7ce14579.png', '905faaf4164b9106bbe6176fe96d3987.png', NULL, NULL, 0);

-- --------------------------------------------------------

--
-- 資料表結構 `manager`
--

CREATE TABLE `manager` (
  `id` int(10) NOT NULL COMMENT '會員id',
  `name` varchar(10) COLLATE utf8_unicode_ci DEFAULT NULL COMMENT '使用者姓名',
  `email` varchar(50) COLLATE utf8_unicode_ci DEFAULT NULL COMMENT '會員帳號(信箱)',
  `password` varchar(20) COLLATE utf8_unicode_ci DEFAULT NULL COMMENT '會員密碼',
  `status` int(4) NOT NULL DEFAULT '1',
  `created_at` datetime DEFAULT NULL COMMENT '註冊日'
) ENGINE=MyISAM DEFAULT CHARSET=utf8 COLLATE=utf8_unicode_ci;

--
-- 資料表的匯出資料 `manager`
--

INSERT INTO `manager` (`id`, `name`, `email`, `password`, `status`, `created_at`) VALUES
(904, '後台管理員', 'manager', 'managerpass', 1, '2014-12-15 10:04:08'),
(913, '總管理者', 'soap', 'soappass', 1, NULL);

-- --------------------------------------------------------

--
-- 資料表結構 `notice`
--

CREATE TABLE `notice` (
  `id` int(4) NOT NULL,
  `title` varchar(30) COLLATE utf8_unicode_ci NOT NULL,
  `context` text COLLATE utf8_unicode_ci,
  `created_at` timestamp NOT NULL DEFAULT CURRENT_TIMESTAMP,
  `updated_at` datetime DEFAULT NULL
) ENGINE=InnoDB DEFAULT CHARSET=utf8 COLLATE=utf8_unicode_ci;

-- --------------------------------------------------------

--
-- 資料表結構 `partner`
--

CREATE TABLE `partner` (
  `id` int(10) NOT NULL,
  `title` varchar(25) CHARACTER SET utf8 NOT NULL,
  `context` text COLLATE utf8_unicode_ci,
  `category_id` int(4) DEFAULT NULL,
  `link` text COLLATE utf8_unicode_ci,
  `rank` int(4) NOT NULL DEFAULT '0',
  `created_at` timestamp NOT NULL DEFAULT CURRENT_TIMESTAMP
) ENGINE=InnoDB DEFAULT CHARSET=utf8 COLLATE=utf8_unicode_ci;

--
-- 資料表的匯出資料 `partner`
--

INSERT INTO `partner` (`id`, `title`, `context`, `category_id`, `link`, `rank`, `created_at`) VALUES
(2, '好事婚理顧問', '<p>婚禮流程一手包，帶你走入幸福</p>\r\n', 1, '', 2, '2017-07-04 05:05:26'),
(4, '傑斯克婚顧', '<p>包含禮服、場地布置</p>\r\n', 1, '', 0, '2017-08-11 00:43:17');

-- --------------------------------------------------------

--
-- 資料表結構 `partner_category`
--

CREATE TABLE `partner_category` (
  `id` int(10) UNSIGNED NOT NULL,
  `title` varchar(30) COLLATE utf8_unicode_ci DEFAULT NULL COMMENT '分類名稱',
  `context` text COLLATE utf8_unicode_ci COMMENT '分類說明',
  `image_path` text COLLATE utf8_unicode_ci COMMENT '主圖',
  `qty` int(4) NOT NULL DEFAULT '0' COMMENT '歌曲數量',
  `rank` int(4) DEFAULT NULL,
  `created_at` timestamp NOT NULL DEFAULT CURRENT_TIMESTAMP,
  `updated_at` datetime DEFAULT NULL
) ENGINE=InnoDB DEFAULT CHARSET=utf8 COLLATE=utf8_unicode_ci;

--
-- 資料表的匯出資料 `partner_category`
--

INSERT INTO `partner_category` (`id`, `title`, `context`, `image_path`, `qty`, `rank`, `created_at`, `updated_at`) VALUES
(1, '婚禮攝影', '', '9f703a1ee3a9e6dbb77fff70fc27eb7e.png', 2, 1, '2017-07-24 14:33:12', NULL),
(2, '婚宴場地', '', 'f542d11beb17cc928ddf05d0d5c14c4d.png', 0, 2, '2017-07-24 14:33:41', NULL),
(3, '婚禮規劃', '', '5e5ef9b9ea754f5204848401c28696a1.png', 0, 3, '2017-07-24 14:33:49', NULL),
(4, '喜餅/禮盒', '', '2490b6d63339243d92c355f4e63b4535.png', 0, 4, '2017-07-24 14:33:56', NULL),
(5, '海外婚禮 / 蜜月旅遊', '', 'd3474203b18bf8125a46a1294cfbea56.png', 0, 5, '2017-07-24 14:34:02', NULL),
(6, '婚戒/飾品', '', NULL, 0, 6, '2017-07-24 14:34:07', NULL);

-- --------------------------------------------------------

--
-- 資料表結構 `slide`
--

CREATE TABLE `slide` (
  `id` int(4) NOT NULL,
  `title` varchar(30) COLLATE utf8_unicode_ci NOT NULL,
  `image_path` text COLLATE utf8_unicode_ci,
  `rank` int(4) NOT NULL,
  `created_at` timestamp NOT NULL DEFAULT CURRENT_TIMESTAMP,
  `updated_at` datetime DEFAULT NULL
) ENGINE=InnoDB DEFAULT CHARSET=utf8 COLLATE=utf8_unicode_ci;

--
-- 資料表的匯出資料 `slide`
--

INSERT INTO `slide` (`id`, `title`, `image_path`, `rank`, `created_at`, `updated_at`) VALUES
(1, '圖片一', 'fbfb80f3885d76b7567f8c1c4319da2a.png', 1, '2017-08-04 03:25:40', NULL),
(2, '圖片二', '69e070464a1aa782b3fbe882e6e96b5a.png', 2, '2017-08-04 03:25:52', NULL),
(3, '月亮', '1610e7b80d00d311635b89041684445d.png', 3, '2017-08-06 15:35:54', NULL),
(4, '雄', 'bfe5fe9a8c1629f06f1c3177f0053708.png', 4, '2017-08-15 06:42:32', NULL),
(5, '公主', '8e026b761a522834a33517fb92332688.png', 5, '2017-08-15 06:48:02', NULL);

-- --------------------------------------------------------

--
-- 資料表結構 `song_category`
--

CREATE TABLE `song_category` (
  `id` int(10) UNSIGNED NOT NULL,
  `views` int(4) NOT NULL DEFAULT '0',
  `title` varchar(30) COLLATE utf8_unicode_ci DEFAULT NULL COMMENT '分類名稱',
  `context` text COLLATE utf8_unicode_ci COMMENT '分類說明',
  `longcontext` text COLLATE utf8_unicode_ci,
  `image_path` text COLLATE utf8_unicode_ci COMMENT '主圖',
  `image_origin` text COLLATE utf8_unicode_ci COMMENT '原始大小',
  `qty` int(4) NOT NULL DEFAULT '0' COMMENT '歌曲數量',
  `rank` int(4) DEFAULT NULL,
  `created_at` timestamp NOT NULL DEFAULT CURRENT_TIMESTAMP,
  `updated_at` datetime DEFAULT NULL
) ENGINE=InnoDB DEFAULT CHARSET=utf8 COLLATE=utf8_unicode_ci;

--
-- 資料表的匯出資料 `song_category`
--

INSERT INTO `song_category` (`id`, `views`, `title`, `context`, `longcontext`, `image_path`, `image_origin`, `qty`, `rank`, `created_at`, `updated_at`) VALUES
(1, 44, '求婚/迎賓', '<p>浪漫深情，讓新娘熱淚盈眶</p>\r\n\r\n<p>熱鬧輕鬆，讓賓客興奮好奇</p>\r\n', '<p>很多人說結婚喜酒一定不會準時開始，其實準時是應有的禮貌，如果到達婚禮場所的時間較早，就讓這些歌曲將婚禮的喜月送進心田，盡情感受那份不曾忘記的幸福。​</p>\r\n\r\n<p>迎賓歌曲是在婚禮尚未舉行或者正式宣告之前，內容可以輕鬆傳送戀愛的甜蜜或者曲折。我們在這個項目中還包括了求婚歌曲。參加婚禮的雙方賓客在等待婚禮舉行前，可以透過歌聲分享新娘、新郎從交往到結合的心情與期盼。​</p>\r\n\r\n<p>​求婚是個緊張的過程，如果能有一首歌曲陪伴，應該可以給求婚的一方壯膽，並且帶來好運。一首好的求婚歌曲不僅要表達深深的愛意，也要讓對方感受到真製的承諾。戀愛過程的綿綿情話，曾經寫下的海誓山盟，很可能會化為求婚歌詞中的一句，讓新人永遠記住。</p>\r\n', 'fb325de5fbae61623e97edc415d086eb.png', NULL, 77, 1, '2017-07-24 14:33:12', NULL),
(2, 12, '新人進場', '<p>表達愛意，讓所有賓客</p>\r\n\r\n<p>眼睛發亮、耳朵發燒</p>\r\n', '<p>新娘走在紅毯上，迎向等帶著的新郎，這是婚禮全場注目的焦點，當然需要一首扣人心弦的歌曲，催化賓客嘴角的笑容，鼓動至親好友眼眶裡的淚水，讓這動人的一刻被永遠記住。​</p>\r\n\r\n<p>​依照目前普遍的婚禮進行方式，新娘、新郎有兩次進場，新娘第一次進場時，穿著白紗，第二次進場時穿著禮服。大部分的婚禮在第一次進場會選用古典音樂，這個傳統不容易被改變，我們將常用的一些婚禮進行曲列在&lt;純音樂&gt;的分項下，其中也包括儀式完成後的退場音樂。第二次進場時，新人需要選一首可以訴說心情與表達誓詞的歌曲。當然，如果新人願意突破傳統，這些歌曲可以用在第一次、第二次，或者更多次的進場。</p>\r\n', '09ff3689957b1d0485b43ced97ea3869.png', NULL, 44, 2, '2017-07-24 14:33:41', NULL),
(3, 10, '愛情回顧', '<p>相識、相知、相戀到相許</p>\r\n\r\n<p>訴說新人獨特的愛情故事</p>\r\n', '<p>這是一個圖像的時代，每個人都有無數的照片，記錄著青春、成長、歡笑、探索的過程。在婚禮的這一天，新人可以用相片或錄影，述說出兩人如何從不同的來處，相遇相知，決定共同迎向未來的人生。​</p>\r\n\r\n<p>不管是用相簿、硬碟或手機裡的照片，還是婚紗禮服專業攝影的成果，在編輯成一段屬於新人的愛情故事的時候，都需要一首主題曲，有些人的故事可能較長，也許需要不只一首。​</p>\r\n\r\n<p>愛情故事回顧的歌曲決定了畫面變換的節奏，也就是故事述說的速度；典型的鋪陳方式是前段較慢，中段有變化，然後以絢爛的高潮結束。建議以畫面或影像配合音樂，不宜過多，導致音樂結束後還有畫面，或者讓音樂重複。如果畫面數量多或影像時間長，又不能割捨，建議連結兩首歌曲。或者在歌曲中間插入人聲旁白或對話，以增加音樂的時間。畫面或影像剪輯雖然需要專業能力，但是只要用心，新人自己也可以製作出很好的影片。</p>\r\n', '41550e3f8a58706965b7b53567652ac4.png', NULL, 35, 3, '2017-07-24 14:33:49', NULL),
(4, 6, '婚宴配樂', '<p>音樂創意安排</p>\r\n\r\n<p>讓賓客用餐愉快、體驗驚喜</p>\r\n', '<p>婚禮中最長的時間花在用餐過程，不論是中式圓桌獲西式長桌，或者走動的酒會形式，播放婚禮歌曲能營造幸福的氛圍。這個項目裡的歌曲取材比較多元，主要以傳達幸福的感覺，以及對婚姻生活的期待為主。​</p>\r\n\r\n<p>新人可依照婚宴形式和主題選曲，讓賓客在此時能分享道新人們所喜愛的歌曲，愉快進餐。</p>\r\n', '9f0f884203314be534a1250078a0a0f9.png', NULL, 42, 4, '2017-07-24 14:33:56', NULL),
(5, 19, '送客/蜜月', '<p>感恩、祝福獻給新人和所有的賓客</p>\r\n', '<p>天下沒有不散的筵席，不過這裡結束也許還有下一攤。送客的時候，新娘、新郎捧著糖果，忙著和賓客合影留念時，可以用歌曲向大家致上誠懇的謝意，也讓親友知道那些祝福將成為未來的喜悅泉源。來自不同家庭的新人即將展開新的家庭生活，美滿的婚姻需要細心的經營，祝福與叮嚀將轉化為新人之間彼此的包容、體諒與鼓勵。​</p>\r\n\r\n<p>不過，在結了婚，組成家庭之前，通常有一點時間享受一個蜜月假期，我們把蜜月歌曲也包括在這個歌曲分類項目內，新娘、新郎可以在送客時，讓賓客分享一下新人將有的蜜月期快樂。這些歌曲會更為奔放熱情，給新人帶著去旅行吧！</p>\r\n', 'bbb4fbe478433ff6f0bb3fa51a785a15.png', NULL, 26, 5, '2017-07-24 14:34:07', NULL),
(6, 13, '主題歌曲', '<p>專一歌者、深情貫徹全場<br />\r\n精選主題、印象深刻永存</p>\r\n', '<p>要辦個特殊的婚禮嗎？有人想在城堡中、高山頂、海島上舉行婚禮；有人想在婚禮上讓大家扮成動漫人物或古代貴族。別忘了音樂歌曲也可以規劃成主題。</p>\r\n\r\n<p>我們在這個婚禮歌曲分類項目下，不定期歸化特別主題，提供一些婚禮主題的創意，期許讓新人的婚禮能有更多變化的巧思，或者可以辦個與眾不同的婚禮。</p>\r\n', 'a03b5a3c5c2de24aa62959d43a3c3109.jpg', NULL, 2, 6, '2017-07-24 14:34:02', NULL);

-- --------------------------------------------------------

--
-- 資料表結構 `song_tag`
--

CREATE TABLE `song_tag` (
  `id` int(4) NOT NULL,
  `parent_id` int(4) NOT NULL,
  `title` varchar(50) COLLATE utf8_unicode_ci NOT NULL,
  `rank` int(4) NOT NULL DEFAULT '0'
) ENGINE=InnoDB DEFAULT CHARSET=utf8 COLLATE=utf8_unicode_ci;

--
-- 資料表的匯出資料 `song_tag`
--

INSERT INTO `song_tag` (`id`, `parent_id`, `title`, `rank`) VALUES
(1, 0, '語文', 1),
(2, 0, '使用時機/場合', 2),
(3, 0, '節奏', 3),
(4, 1, '中文', 4),
(5, 1, '英文', 7),
(8, 3, '快', 8),
(9, 3, '中', 9),
(17, 1, '台語', 5),
(18, 1, '客語', 6),
(19, 3, '慢', 19),
(20, 1, '純音樂', 20);

-- --------------------------------------------------------

--
-- 資料表結構 `store`
--

CREATE TABLE `store` (
  `id` int(10) NOT NULL,
  `city` int(4) DEFAULT NULL,
  `town` int(4) DEFAULT NULL,
  `lat` text COLLATE utf8_unicode_ci,
  `lng` text COLLATE utf8_unicode_ci,
  `name` varchar(150) COLLATE utf8_unicode_ci DEFAULT NULL COMMENT '歌曲名稱',
  `manager` varchar(100) COLLATE utf8_unicode_ci DEFAULT NULL,
  `phone` varchar(20) COLLATE utf8_unicode_ci DEFAULT NULL COMMENT '首頁推薦',
  `category_id` varchar(50) COLLATE utf8_unicode_ci DEFAULT NULL COMMENT '分類編號',
  `address` varchar(150) COLLATE utf8_unicode_ci DEFAULT NULL,
  `bshour` varchar(150) COLLATE utf8_unicode_ci DEFAULT NULL,
  `link2` varchar(150) COLLATE utf8_unicode_ci DEFAULT NULL,
  `context` text COLLATE utf8_unicode_ci,
  `image_path` text COLLATE utf8_unicode_ci COMMENT '原始圖',
  `rank` int(4) NOT NULL DEFAULT '0',
  `status` int(4) NOT NULL DEFAULT '0',
  `promote` int(4) NOT NULL DEFAULT '0',
  `views` int(4) NOT NULL DEFAULT '0',
  `created_at` timestamp NOT NULL DEFAULT CURRENT_TIMESTAMP
) ENGINE=MyISAM DEFAULT CHARSET=utf8 COLLATE=utf8_unicode_ci;

--
-- 資料表的匯出資料 `store`
--

INSERT INTO `store` (`id`, `city`, `town`, `lat`, `lng`, `name`, `manager`, `phone`, `category_id`, `address`, `bshour`, `link2`, `context`, `image_path`, `rank`, `status`, `promote`, `views`, `created_at`) VALUES
(9, 2, 10, '25.0715682', '121.57780530000002', '覺旅餐廳-陽光店', NULL, '226594931', NULL, '台北市內湖區陽光街321巷42號', '', NULL, '', NULL, 0, 1, 0, 0, '2017-12-06 14:46:40'),
(8, 8, 26, '24.2798201', '120.60424639999997', '西雅圖-清水店', NULL, '426202989', NULL, '台中市清水區吳厝里吳厝二街89號', '', NULL, '', NULL, 0, 1, 0, 0, '2017-12-06 14:46:39'),
(10, 2, 7, '25.0413853', '121.56525690000001', '豆工房咖啡', NULL, '02-2749-3669', NULL, '台北市信義區忠孝東路五段1-8號', 'ㄧ~五 7:00~19:00 /  六 8:00~18:00/日 9:00~18:00', NULL, '<p>自家烘焙咖啡</p>\r\n', '25a54580e86e5236802fba6e70310898.jpg', 0, 1, 1, 2, '2017-12-06 14:46:40'),
(11, 2, 1, '25.0402741', '121.51915910000002', '西雅圖-台醫店', NULL, '223225907', NULL, '台北市中正區中山南路7號', '', NULL, '', NULL, 0, 1, 0, 7, '2017-12-06 14:46:40'),
(12, 2, 10, '25.0718315', '121.5899564', '西雅圖-三總店', NULL, '227907069', NULL, '台北市內湖區成功路二段325號', '', NULL, '', NULL, 0, 1, 0, 0, '2017-12-06 14:46:40'),
(14, 2, 3, '25.0625138', '121.54108150000002', '西雅圖-榮星店', NULL, '225046005', NULL, '台北市中山區民權東路三段3號', '', NULL, '', NULL, 0, 1, 0, 2, '2017-12-06 14:46:40'),
(15, 3, 21, '25.0547447', '121.45530480000002', '老窩咖啡-新莊熊町', NULL, '222760729', NULL, '新北市新莊區中原路136號', '', NULL, '', NULL, 0, 1, 0, 12, '2017-12-06 14:46:40'),
(16, 15, 11, '22.6797767', '120.3223911', '西雅圖-高雄榮總', NULL, '73452849', NULL, '高雄市左營區大中一路386號1F', '', NULL, '', NULL, 0, 1, 0, 0, '2017-12-06 14:46:40'),
(17, 8, 25, '24.2472297', '120.54282360000002', '西雅圖-沙鹿店', NULL, '426583765', NULL, '台中市梧棲區台灣大道八段699號', '', NULL, '', NULL, 0, 1, 0, 0, '2017-12-06 14:46:40'),
(18, 2, 10, '25.080535', '121.56821100000002', '覺旅餐廳-瑞光', NULL, '287513227', NULL, '台北市內湖區瑞光路583巷24號', '', NULL, '', NULL, 0, 1, 0, 0, '2017-12-06 14:46:40'),
(19, 8, 1, '24.1444382', '120.66205820000005', '王國咖啡-台中審計', NULL, '422065533', NULL, '台中市西區民生路370號之單元27', '', NULL, '', NULL, 0, 1, 0, 1, '2017-12-06 14:46:40'),
(21, 3, 3, '25.0270862', '121.45862950000003', '老窩咖啡-裕民店', NULL, '222591515', NULL, '新北市板橋區裕民街151號', '', NULL, '', NULL, 0, 1, 0, 0, '2017-12-06 14:46:40'),
(22, 2, 7, '25.0328414', '121.56011160000003', '西雅圖-世貿店', NULL, '227222116', NULL, '台北市信義區信義路五段6號', '', NULL, '', NULL, 0, 1, 0, 1, '2017-12-06 14:46:40'),
(23, 2, 10, '25.0742129', '121.5781442', '丹堤-台達店', NULL, '226562826', NULL, '台北市內湖區瑞光路186號', '', NULL, '', NULL, 0, 1, 0, 0, '2017-12-06 14:46:40'),
(24, 2, 3, '25.059682', '121.54393200000004', '堤亞摩咖啡-復興店', NULL, '225157417', NULL, '台北市中山區復興北路342號', '', NULL, '', NULL, 0, 1, 0, 2, '2017-12-06 14:46:40'),
(25, 2, 3, '25.052649', '121.53893800000003', '樂口咖啡', NULL, '225068917', NULL, '台北市中山區南京東路三段89巷5號', '', NULL, '', NULL, 0, 1, 0, 0, '2017-12-06 14:46:40'),
(26, 2, 5, '25.0411942', '121.55446000000006', '西雅圖-BP延吉', NULL, '227116950', NULL, '台北市大安區忠孝東路四段250號1樓', '', NULL, '', NULL, 0, 1, 0, 0, '2017-12-06 14:46:40'),
(27, 4, 1, '24.9636025', '121.2258114', '老窩咖啡-中壢慈惠', NULL, '930062536', NULL, '桃園市中壢區慈惠三街120號', '', NULL, '', NULL, 0, 1, 0, 0, '2017-12-06 14:46:40'),
(28, 3, 11, '24.9836289', '121.55173100000002', '神燈咖啡-旗艦店', NULL, '89121010', NULL, '新北市新店區寶橋路235巷126號', '', NULL, '', NULL, 0, 1, 0, 1, '2017-12-06 14:46:40'),
(29, 3, 14, '25.0119939', '121.51514910000003', '西雅圖-頂溪店', NULL, '229262102', NULL, '新北市永和區永和路二段116號', '', NULL, '', NULL, 0, 1, 0, 0, '2017-12-06 14:46:40'),
(30, 3, 14, '25.0105097', '121.5145119', '咖友咖啡-永和店', NULL, '229268585', NULL, '新北市永和區永和路二段37號', '', NULL, '', NULL, 0, 1, 0, 0, '2017-12-06 14:46:40'),
(31, 3, 21, '25.0350754', '121.44884139999999', '彼得好咖啡-新泰店', NULL, '02-2201-3699', NULL, '新北市新莊區新泰路109號', '一~六 8:00~21:30 / 日 8:00~20:30', NULL, '<p>彼得好咖啡PeterBetterCafe(PB咖啡)<br />\r\n提供新鮮香濃平價的好喝咖啡，<br />\r\n也因為咖啡讓大家成為好朋友，<br />\r\n讓平凡的日子更加富有。</p>\r\n', '71de347991ed42bbbccd7d9b84741959.jpg', 0, 1, 1, 15, '2017-12-06 14:46:40'),
(32, 3, 3, '25.0231962', '121.46548239999993', '彼得好咖啡-自由店', NULL, '02-8259-6259', NULL, '新北市板橋區自由路37號', 'ㄧ~五 7:30 ~22:00 / 六~日 8:00~22~00', NULL, '<p>彼得好咖啡 Peter Better Cafe&nbsp;<br />\r\n用新鮮香濃平價的好咖啡<br />\r\n也因為咖啡讓大家成為好朋友<br />\r\n讓平凡的日子更加富有</p>\r\n', '7ff779d7562f45243e9e1613258550e2.jpg', 0, 1, 1, 0, '2017-12-06 14:46:40'),
(33, 2, 5, '25.0330009', '121.54210710000007', '彼得好咖啡-信義店', NULL, '02-2700-0234', NULL, '台北市大安區信義路3段170號', '一~五 7:00~19:00 / 六~日 7:00~18:00', NULL, '<p>彼得好咖啡 Peter Better Cafe&nbsp;<br />\r\n用新鮮香濃平價的好咖啡<br />\r\n也因為咖啡讓大家成為好朋友<br />\r\n讓平凡的日子更加富有</p>\r\n', '46bf3d1442a10d16d3afb48748528172.jpg', 0, 1, 1, 0, '2017-12-06 14:46:40'),
(34, 3, 3, '25.0119769', '121.46626620000006', '神燈咖啡-板橋中山', NULL, '89525099', NULL, '新北市板橋區中山路一段160之1號', '', NULL, '', NULL, 0, 1, 0, 0, '2017-12-06 14:46:40'),
(35, 2, 2, '25.0532254', '121.51874210000005', '堤亞摩咖啡-南西店', NULL, '225527255', NULL, '台北市大同區南京西路73號', '', NULL, '', NULL, 0, 1, 0, 1, '2017-12-06 14:46:40'),
(36, 2, 5, '25.0342722', '121.55475869999998', '彼得好咖啡-信義安和', NULL, '227010131', NULL, '台北市大安區信義路四段265巷21弄2', '', NULL, '', NULL, 0, 1, 0, 0, '2017-12-06 14:46:40'),
(38, 2, 10, '25.0820602', '121.56593840000005', '西雅圖-西湖店', NULL, '287511015', NULL, '台北市內湖區內湖路一段242號1樓', '', NULL, '', NULL, 0, 1, 0, 0, '2017-12-06 14:46:40'),
(39, 3, 3, '25.004835', '121.45802040000001', '彼得好咖啡-南雅店', NULL, '02-2955-1180', NULL, '新北市板橋區華興街56號', '一~五 7:00~20:00 / 六~日 8:00~20:00', NULL, '<p>新鮮香濃好咖啡<br />\r\n讓平凡的日子 更加富有</p>\r\n', '44c8f01099a7cfde39344a4ead92674a.jpg', 0, 1, 1, 1, '2017-12-06 14:46:40'),
(40, 2, 8, '25.0956596', '121.52659859999994', '堤亞摩咖啡-士林店', NULL, '228316091', NULL, '台北市士林區中正路210之5號', '', NULL, '', NULL, 0, 1, 0, 0, '2017-12-06 14:46:40'),
(41, 2, 11, '25.0599703', '121.61526409999999', '西雅圖-中信店', NULL, '227836442', NULL, '台北市南港區經貿二路186號3樓', '', NULL, '', NULL, 0, 1, 0, 3, '2017-12-06 14:46:40'),
(43, 8, 1, '24.1649644', '120.68470219999995', '歐客佬咖啡', NULL, '422350488', NULL, '台中市北區太原路二段306-1號', '', NULL, '', NULL, 0, 1, 0, 0, '2017-12-06 14:46:40'),
(46, 7, 9, '24.5656599', '120.81930690000002', '老窩咖啡-苗栗店', NULL, '37377881', NULL, '苗栗縣苗栗市忠孝路1號', '', NULL, '', NULL, 0, 1, 0, 3, '2017-12-06 14:46:40'),
(47, 3, 3, '25.008765', '121.45849599999997', '丹堤咖啡-板橋府中', NULL, '229697555', NULL, '新北市板橋區府中路39號', '', NULL, '', NULL, 0, 1, 0, 0, '2017-12-06 14:46:40'),
(48, 2, 3, '25.0415421', '121.53174250000006', '4MANO CAFFÉ-忠孝店', NULL, '02-2391-1356', NULL, '台北市中山區忠孝東路二段134巷3號', '一~日 12:00-21:30', NULL, '<p>好的食材，<br />\r\n專業的技術，<br />\r\n誠懇的態度，<br />\r\n服務每位客人。</p>\r\n', 'fb6f4b12c3d4442550fbb44882905cc0.jpg', 0, 1, 1, 2, '2017-12-06 14:46:40'),
(49, 2, 10, '25.064243', '121.57475999999997', '西雅圖-禮客店', NULL, '287924510', NULL, '台北市內湖區民善街205號', '', NULL, '', NULL, 0, 1, 0, 1, '2017-12-06 14:46:40'),
(50, 2, 4, '25.0460629', '121.54417169999999', '西雅圖-微風本館', NULL, '287728060', NULL, '台北市松山區復興南路一段39號2樓', '', NULL, '', NULL, 0, 1, 0, 3, '2017-12-06 14:46:40'),
(51, 2, 8, '25.117512', '121.52246719999994', '西雅圖-振醫店', NULL, '228227790', NULL, '台北市士林區振興街45號B1', '', NULL, '', NULL, 0, 1, 0, 0, '2017-12-06 14:46:40'),
(52, 2, 3, '25.0591652', '121.53497300000004', '歐客佬咖啡-台北松江店', NULL, '02-2581-7780', NULL, '台北市中山區松江路2段132巷5-2號', '一~五 8:00~19:00 / 六 10:00~18:00', NULL, '<p>精品咖啡、手工咖啡、各國咖啡豆、咖啡器材、甜點</p>\r\n', '8a45c7d7f032eedbe1c93fb4e23450b9.jpg', 0, 1, 1, 0, '2017-12-06 14:46:40'),
(53, 4, 1, '24.9768484', '121.25143989999992', '老窩咖啡-內壢店', NULL, '03-4623498', NULL, '桃園市中壢區元生三街188號', '', NULL, '', NULL, 0, 1, 0, 1, '2017-12-06 14:46:40'),
(54, 2, 3, '25.080023', '121.55025599999999', '西雅圖-大直店', NULL, '225332949', NULL, '台北市中山區北安路554巷49號', '', NULL, '', NULL, 0, 1, 0, 0, '2017-12-06 14:46:40'),
(55, 3, 21, '25.0171668', '121.42816820000007', '丹堤咖啡-新莊西盛店', NULL, '222029325', NULL, '新北市新莊區西盛街197號1樓及2樓', '', NULL, '', NULL, 0, 1, 0, 2, '2017-12-06 14:46:40'),
(57, 5, 1, '24.8153016', '120.97410079999997', '歐克佬咖啡-光華店', NULL, '03-5357210', NULL, '新竹市新竹市光華東街13號', '', NULL, '', NULL, 0, 1, 0, 1, '2017-12-06 14:46:40'),
(58, 2, 1, '25.0430634', '121.53078740000001', '西雅圖-忠孝倍利', NULL, '233223320', NULL, '台北市中正區忠孝東路二段93-1號1樓', '', NULL, '', NULL, 0, 1, 0, 2, '2017-12-06 14:46:40'),
(59, 4, 1, '24.957486', '121.22457899999995', '老窩咖啡-中壢站前', NULL, '34250570', NULL, '桃園市中壢區中央東路23號', '', NULL, '', NULL, 0, 1, 0, 5, '2017-12-06 14:46:40'),
(60, 2, 5, '25.0380088', '121.55733899999996', '西雅圖-仁愛光復', NULL, '916682751', NULL, '台北市大安區仁愛路四段449號', '', NULL, '', NULL, 0, 1, 0, 0, '2017-12-06 14:46:40'),
(61, 2, 4, '25.0606725', '121.55778350000003', '富錦樹-富錦', NULL, '227495225', NULL, '台北市松山區富錦街353號', '', NULL, '', NULL, 0, 1, 0, 1, '2017-12-06 14:46:40'),
(62, 2, 3, '25.0581492', '121.52821300000005', '丹堤咖啡-民生新生', NULL, '22531666', NULL, '台北市中山區民生東路2段1號', '', NULL, '', NULL, 0, 1, 0, 1, '2017-12-06 14:46:40'),
(63, 5, 1, '24.804611', '120.9663779', '歐克佬咖啡-城隍店', NULL, '03-5260100', NULL, '新竹市新竹市東門街214號', '', NULL, '', NULL, 0, 1, 0, 0, '2017-12-06 14:46:40'),
(220, NULL, NULL, NULL, NULL, '測試店家', '測試人員', '032568495', NULL, '台北市中正區', NULL, NULL, NULL, NULL, 0, 0, 0, 0, '2018-01-16 04:00:19'),
(65, 2, 7, '25.041439', '121.57939399999998', '西雅圖-永春店', NULL, '987229456', NULL, '台北市信義區忠孝東路五段526號', '', NULL, '', NULL, 0, 1, 0, 1, '2017-12-06 14:46:40'),
(66, 3, 27, '25.1703842', '121.44461120000005', '老窩咖啡-淡水清水店', NULL, '937548182', NULL, '新北市淡水區淡水區清水街38號', '', NULL, '', NULL, 0, 1, 0, 0, '2017-12-06 14:46:40'),
(67, 3, 11, '24.973889', '121.53053399999999', '西雅圖-新店中央', NULL, '976535242', NULL, '新北市新店區中央路131號1樓', '', NULL, '', NULL, 0, 1, 0, 11, '2017-12-06 14:46:40'),
(68, 2, 5, '25.0351419', '121.55572280000001', '老窩咖啡-延吉店', NULL, '227017360', NULL, '台北市大安區信義路四段265巷56號1', '', NULL, '', NULL, 0, 1, 0, 0, '2017-12-06 14:46:40'),
(69, 9, 16, '23.8581004', '120.58707159999994', 'TO  Cafe', NULL, '48761010', NULL, '彰化縣田中鎮中州路一段184號', '', NULL, '', NULL, 0, 1, 0, 0, '2017-12-06 14:46:40'),
(70, 2, 4, '25.0556369', '121.54847500000005', '開泰豐-咖啡吧', NULL, '227198908', NULL, '台北市松山區敦化北路166號1樓', '', NULL, '', NULL, 0, 1, 0, 2, '2017-12-06 14:46:40'),
(71, 3, 24, '25.0829165', '121.45953580000003', '貝思堤咖啡-長安店', NULL, '228483897', NULL, '新北市蘆洲區長安街160號', '', NULL, '', NULL, 0, 1, 0, 0, '2017-12-06 14:46:40'),
(73, 2, 5, '25.0389556', '121.55733829999997', '堤亞摩咖啡-光復店', NULL, '227752348', NULL, '台北市大安區光復南路302號', '', NULL, '', NULL, 0, 1, 0, 0, '2017-12-06 14:46:40'),
(74, 3, 15, '25.0017045', '121.51118129999998', '圖書館對面~咖啡冷熱飲', NULL, '02-2923-0089', NULL, '新北市中和區中和路400巷14弄2號', 'ㄧ~五11:00~21:30 /六~日 9:00~21:30', NULL, '<p>永安市場捷運站旁，提供舒適用餐環境</p>\r\n', '3329059df7ca9b7ea8604b2b92a7e524.jpg', 0, 1, 1, 0, '2017-12-06 14:46:40'),
(75, 2, 7, '25.0369225', '121.55772569999999', '老窩咖啡-光復店', NULL, '287862778', NULL, '台北市信義區光復南路415之3號', '', NULL, '', NULL, 0, 1, 0, 0, '2017-12-06 14:46:40'),
(76, 3, 18, '24.9966801', '121.42101849999995', '丹堤咖啡-家樂福樹林店', NULL, '26863907', NULL, '新北市樹林區大安路118號1樓', '', NULL, '', NULL, 0, 1, 0, 1, '2017-12-06 14:46:40'),
(77, 2, 11, '25.04113', '121.56783900000005', '老窩-忠孝東路店', NULL, '227880957', NULL, '台北市南港區台北市南港區忠孝東路', '', NULL, '', NULL, 0, 1, 0, 1, '2017-12-06 14:46:40'),
(78, 3, 3, '25.0297551', '121.47293119999995', '丹堤-捷運江子翠店', NULL, '222587078', NULL, '新北市板橋區雙十路二段174號1+2樓', '', NULL, '', NULL, 0, 1, 0, 0, '2017-12-06 14:46:40'),
(79, 4, 1, '24.9622949', '121.2245742', '西雅圖-中壢元化', NULL, '03-4276175', NULL, '桃園市中壢區元化路317號', '', NULL, '', NULL, 0, 1, 0, 0, '2017-12-06 14:46:40'),
(80, 2, 5, '25.025496', '121.53712599999994', '丹堤咖啡-和平大安', NULL, '223635701', NULL, '台北市大安區和平東路二段38-1號', '', NULL, '', NULL, 0, 1, 0, 0, '2017-12-06 14:46:40'),
(81, 15, 2, '22.6193366', '120.29604459999996', '西雅圖-漢神本館', NULL, '72154355', NULL, '高雄市前金區成功一路266-1號4F', '', NULL, '', NULL, 0, 1, 0, 4, '2017-12-06 14:46:40'),
(82, 2, 3, '25.0481863', '121.54170469999997', '彼得好咖啡-長安東', NULL, '227500012', NULL, '台北市中山區長安東路二段198號', '', NULL, '', NULL, 0, 1, 0, 0, '2017-12-06 14:46:40'),
(83, 2, 9, '25.1330892', '121.50143270000001', '貝思堤咖啡-北投中央店', NULL, '228949000', NULL, '台北市北投區中央南路一段2號', '', NULL, '', NULL, 0, 1, 0, 0, '2017-12-06 14:46:40'),
(84, 4, 1, '24.9727564', '121.25344799999993', '丹堤咖啡-家樂福內壢店', NULL, '03-4516071', NULL, '桃園市中壢區中華路一段450號', '', NULL, '', NULL, 0, 1, 0, 0, '2017-12-06 14:46:40'),
(85, 2, 10, '25.060548', '121.59038599999997', '老窩咖啡新明店', NULL, '287914520', NULL, '台北市內湖區台北市內湖區新明路287', '', NULL, '', NULL, 0, 1, 0, 0, '2017-12-06 14:46:40'),
(86, 2, 9, '25.1144607', '121.51600940000003', '老窩咖啡-石牌店', NULL, '228206661', NULL, '台北市北投區東華街一段528號', '', NULL, '', NULL, 0, 1, 0, 0, '2017-12-06 14:46:40'),
(87, 3, 15, '25.0009774', '121.47243270000001', '老窩咖啡-中和莒光', NULL, '229525188', NULL, '新北市中和區莒光路144號', '', NULL, '', NULL, 0, 1, 0, 1, '2017-12-06 14:46:40'),
(88, 2, 9, '25.131956', '121.49697400000002', '丹堤咖啡-捷運北投店', NULL, '28947304', NULL, '台北市北投區大業路462-8號', '', NULL, '', NULL, 0, 1, 0, 0, '2017-12-06 14:46:40'),
(219, NULL, NULL, NULL, NULL, 'Bbb', 'Aaa', 'Ddd', NULL, 'Xcc', NULL, NULL, NULL, NULL, 0, 0, 0, 0, '2018-01-16 03:34:33'),
(90, 2, 5, '25.0309969', '121.52942899999994', '丹堤咖啡- 永康店', NULL, '223587776', NULL, '台北市大安區永康街22號', '', NULL, '', NULL, 0, 1, 0, 1, '2017-12-06 14:46:40'),
(91, 4, 1, '24.9673834', '121.23950719999993', '丹堤咖啡-中壢台達店', NULL, '919388093', NULL, '桃園市中壢區中壢工業區東園路3號2', '', NULL, '', NULL, 0, 1, 0, 0, '2017-12-06 14:46:40'),
(92, 8, 7, '24.1837584', '120.60370660000001', '西雅圖-台中榮總', NULL, '423591887', NULL, '台中市西屯區台灣大道四段1650號', '', NULL, '', NULL, 0, 1, 0, 0, '2017-12-06 14:46:40'),
(93, 2, 5, '25.0261995', '121.54953120000005', '西雅圖-新遠企', NULL, '227397775', NULL, '台北市大安區敦化南路二段203號1樓', '', NULL, '', NULL, 0, 1, 0, 0, '2017-12-06 14:46:40'),
(95, 2, 5, '25.0403375', '121.53469619999998', '丹堤咖啡-濟南店', NULL, '227402350', NULL, '台北市大安區濟南路三段25號', '', NULL, '', NULL, 0, 1, 0, 0, '2017-12-06 14:46:40'),
(96, 2, 8, '25.1185984', '121.5271219', '西雅圖-天母店', NULL, '228748051', NULL, '台北市士林區天母西路45號', '', NULL, '', NULL, 0, 1, 0, 0, '2017-12-06 14:46:40'),
(97, 2, 4, '25.0552291', '121.55003529999999', 'Domo  caffe-敦北店', NULL, '227190003', NULL, '台北市松山區敦化北路199巷2弄15號', '', NULL, '', NULL, 0, 1, 0, 1, '2017-12-06 14:46:40'),
(98, 15, 5, '22.6575674', '120.29746599999999', 'SPR COFFEE(神農店)', NULL, '07-5542-930', NULL, '高雄市鼓山區神農路181號', '一~日 9:00~22:00 / 二 休息', NULL, '<p>被全球咖啡業內譽為烘焙機中的勞斯萊斯<br />\r\n本店所有進口咖啡豆皆為自產自用自銷<br />\r\n由PROBAT咖啡豆烘焙機現場烘培<br />\r\n所製作的咖啡絕對新鮮香醇</p>\r\n', '68416bc2d4295b22c62384c972e04096.JPG', 0, 1, 1, 1, '2017-12-06 14:46:40'),
(99, 3, 11, '24.976713', '121.53502400000002', '丹堤咖啡-新店中正店', NULL, '86672888', NULL, '新北市新店區中正路368號', '', NULL, '', NULL, 0, 1, 0, 1, '2017-12-06 14:46:40'),
(100, 3, 27, '25.1697256', '121.44057859999998', '83號咖啡', NULL, '226255100', NULL, '新北市淡水區中正路83號', '', NULL, '', NULL, 0, 1, 0, 0, '2017-12-06 14:46:40'),
(101, 2, 5, '25.0427573', '121.55166770000005', 'Simple Kaffa', NULL, '287711127', NULL, '台北市大安區敦化南路一段177巷48號', '', NULL, '', NULL, 0, 1, 0, 1, '2017-12-06 14:46:40'),
(102, 2, 3, '25.0601455', '121.53586440000004', '歐客佬咖啡-台北錦州店', NULL, '02-2517-6606', NULL, '台北市中山區錦州街296號1F', '一~五 8:00~20:00 / 六日 10:00~18:00', NULL, '<table border="0" cellpadding="0" cellspacing="0" style="width:392px">\r\n	<tbody>\r\n		<tr>\r\n			<td>Provides high quality specialty coffee from all over the world！</td>\r\n		</tr>\r\n	</tbody>\r\n</table>\r\n', 'cda56f7358e7c278cc8b8a11edb2e108.jpg', 0, 1, 1, 0, '2017-12-06 14:46:40'),
(105, 3, 3, '24.9972647', '121.45277149999993', '亞東醫院轉角咖啡', NULL, '277284060', NULL, '新北市板橋區南雅南路二段21號B1', '', NULL, '', NULL, 0, 1, 0, 0, '2017-12-06 14:46:40'),
(106, 2, 7, '25.0388039', '121.57708600000001', '老窩咖啡-松德', NULL, '227265859', NULL, '台北市信義區松德路51號', '', NULL, '', NULL, 0, 1, 0, 0, '2017-12-06 14:46:40'),
(107, 8, 23, '24.219267', '120.58991700000001', '3e咖啡', NULL, '426318578', NULL, '台中市沙鹿區東晉東路731號', '', NULL, '', NULL, 0, 1, 0, 0, '2017-12-06 14:46:40'),
(108, 3, 21, '25.0481975', '121.4561142', '貝思堤咖啡-新莊福樂店', NULL, '229920060', NULL, '新北市新莊區福樂街154號', '', NULL, '', NULL, 0, 1, 0, 8, '2017-12-06 14:46:40'),
(109, 2, 3, '25.0542879', '121.5237975', '4MANO CAFFÉ-晶華店', NULL, '02-2521-8536', NULL, '台北市中山區中山北路二段41號B2', '一~日 12:00-21:30', NULL, '<p>好的食材，&nbsp;<br />\r\n專業的技術，<br />\r\n誠懇的態度，<br />\r\n服務每位客人。</p>\r\n', 'c4eecaa6d263ff2d4546d99f06c9fe69.jpg', 0, 1, 1, 1, '2017-12-06 14:46:40'),
(110, 2, 3, '25.061719', '121.53649819999998', '溫咖啡', NULL, '287726251', NULL, '台北市中山區建國北路2段258巷2號', '', NULL, '', NULL, 0, 1, 0, 1, '2017-12-06 14:46:40'),
(111, 2, 3, '25.0526309', '121.53916860000004', '神燈咖啡-南京店', NULL, '225176718', NULL, '台北市中山區南京東路三段89巷3弄3', '', NULL, '', NULL, 0, 1, 0, 0, '2017-12-06 14:46:40'),
(112, 8, 25, '24.2472297', '120.54282360000002', '丹堤-台中童綜合店', NULL, '426562293', NULL, '台中市梧棲區台灣大道八段699號25', '', NULL, '', NULL, 0, 1, 0, 0, '2017-12-06 14:46:40'),
(114, 8, 6, '24.178651', '120.7373', '歐客佬咖啡-大坑店', NULL, '22394988', NULL, '台中市北屯區東山路一段499號', '', NULL, '', NULL, 0, 1, 0, 1, '2017-12-06 14:46:40'),
(115, 3, 15, '24.996469', '121.48706700000002', '彼得好咖啡-中和', NULL, '82271066', NULL, '新北市中和區連城路250號I區', '', NULL, '', NULL, 0, 1, 0, 0, '2017-12-06 14:46:40'),
(116, 2, 4, '25.0593686', '121.54630710000004', 'Gabee-民生總店', NULL, '227138772', NULL, '台北市松山區民生東路三段113巷21號', '', NULL, '', NULL, 0, 1, 0, 0, '2017-12-06 14:46:40'),
(117, 8, 8, '24.1448705', '120.64891790000001', 'waka cafe', NULL, '424733119', NULL, '台中市南屯區向上南路一段287號', '', NULL, '', NULL, 0, 1, 0, 1, '2017-12-06 14:46:40'),
(118, 14, 26, '23.3407342', '120.31201420000002', '西雅圖-新營店', NULL, '66322091', NULL, '台南市後壁區竹[新里新厝69號(新營', '', NULL, '', NULL, 0, 1, 0, 5, '2017-12-06 14:46:40'),
(119, 2, 5, '25.0152002', '121.53750880000007', '丹堤咖啡-台大鹿鳴堂', NULL, '918482468', NULL, '台北市大安區羅斯福路4段1號', '', NULL, '', NULL, 0, 1, 0, 0, '2017-12-06 14:46:40'),
(120, 2, 1, '25.0447111', '121.51548389999994', '丹堤咖啡-信陽店', NULL, '223817936', NULL, '台北市中正區信陽街31號', '', NULL, '', NULL, 0, 1, 0, 3, '2017-12-06 14:46:40'),
(121, 2, 8, '25.1182282', '121.53206899999998', '丹堤咖啡-天母東店', NULL, '228763631', NULL, '台北市士林區天母東路37號', '', NULL, '', NULL, 0, 1, 0, 0, '2017-12-06 14:46:40'),
(122, 3, 22, '25.0577688', '121.43307270000003', '貝思堤咖啡-泰山店', NULL, '229002216', NULL, '新北市泰山區全興路83號', '', NULL, '', NULL, 0, 1, 0, 0, '2017-12-06 14:46:40'),
(123, 2, 1, '25.0441499', '121.52944079999997', '富錦樹咖啡', NULL, '223418355', NULL, '台北市中正區八德路一段1號', '', NULL, '', NULL, 0, 1, 0, 0, '2017-12-06 14:46:40'),
(124, 12, 1, '23.469391', '120.44263899999999', '胡永泰咖啡-仁愛店', NULL, '05-2354-227', NULL, '嘉義市東西區仁愛路149號1F', '一~五 7:30~17:30 / 六~日 8:30~17:30', NULL, '<p>累積10年以上咖啡相關親身經驗，也認識更多產地咖啡豆，每一階段學習皆是讓買家花合理的費用，得到更優質的好咖啡。</p>\r\n', '48871ed9b6d15844cd76ecc7d1ab20db.jpg', 0, 1, 1, 2, '2017-12-06 14:46:40'),
(125, 2, 10, '25.0581115', '121.57830220000005', '丹堤-緯創店', NULL, '227933809', NULL, '台北市內湖區行善路158號', '', NULL, '', NULL, 0, 1, 0, 0, '2017-12-06 14:46:40'),
(127, 3, 20, '25.0684397', '121.4996506', '丹堤咖啡-三重三和', NULL, '229702333', NULL, '新北市三重區三和路二段91號', '', NULL, '', NULL, 0, 1, 0, 0, '2017-12-06 14:46:40'),
(128, 3, 20, '25.0770819', '121.48300500000005', '貝思堤咖啡-力行店', NULL, '222805052', NULL, '新北市三重區力行路二段174號', '', NULL, '', NULL, 0, 1, 0, 0, '2017-12-06 14:46:40'),
(129, 12, 1, '23.4611135', '120.44061880000004', '胡永泰咖啡-新民店', NULL, '05-2842-216', NULL, '嘉義市東西區新民路587號', '一~五 7:30~17:30 / 六~日 8:30~17:30', NULL, '<p>累積10年以上咖啡相關親身經驗，也認識更多產地咖啡豆，每一階段學習皆是讓買家花合理的費用，得到更優質的好咖啡。</p>\r\n', '86f361583a9011e39f529f443286ff35.jpg', 0, 1, 1, 5, '2017-12-06 14:46:40'),
(130, 3, 21, '25.0379829', '121.45861200000002', 'doffee驢子咖啡', NULL, '02-2998-8581', NULL, '新北市新莊區明中街1號', '一~五 7:30~18:00 / 六~日 8:30~18:00', NULL, '<p>/</p>\r\n', 'd15f4b22e92ff97bae14504e8b1b93c1.jpg', 0, 1, 1, 17, '2017-12-06 14:46:40'),
(131, 5, 1, '24.7729847', '121.0146737', '丹堤咖啡-新竹力行店', NULL, '03-5799838', NULL, '新竹市新竹市科學工業園區力行六路1', '', NULL, '', NULL, 0, 1, 0, 0, '2017-12-06 14:46:40'),
(132, 9, 1, '23.9654537', '120.57564860000002', '丹堤咖啡-彰化員林店', NULL, '48361277', NULL, '彰化縣員林市浮圳路2段458號', '', NULL, '', NULL, 0, 1, 0, 4, '2017-12-06 14:46:40'),
(133, 3, 21, '25.024825', '121.42397800000003', '貝思提咖啡-新莊富國', NULL, '222049999', NULL, '新北市新莊區富國路115號', '', NULL, '', NULL, 0, 1, 0, 2, '2017-12-06 14:46:40'),
(135, 2, 4, '25.05828', '121.55361199999993', '4MANO CAFFÉ-民生店', NULL, '02-2713-3356', NULL, '台北市松山區民生東路四段123號', 'ㄧ~五 09:00-18:30 / 六~日 11:00-20:30', NULL, '<p>好的食材，&nbsp;<br />\r\n專業的技術，<br />\r\n誠懇的態度，<br />\r\n服務每位客人。</p>\r\n', '911e8fac5b1d1c323bfc3d4956f3e27c.jpg', 0, 1, 1, 2, '2017-12-06 14:46:40'),
(136, 2, 7, '25.041657', '121.57975499999998', '丹堤-忠孝松山', NULL, '227590885', NULL, '台北市信義區忠孝東路五段538號', '', NULL, '', NULL, 0, 1, 0, 0, '2017-12-06 14:46:40'),
(138, 3, 3, '25.0048659', '121.458304', '老窩咖啡-艾萊客', NULL, '89541000', NULL, '新北市板橋區華興街46號', '', NULL, '', NULL, 0, 1, 0, 0, '2017-12-06 14:46:40'),
(139, 2, 7, '25.041093', '121.57596999999998', '丹堤-永春捷運店', NULL, '227670606', NULL, '台北市信義區忠孝東路五段439號', '', NULL, '', NULL, 0, 1, 0, 2, '2017-12-06 14:46:40'),
(140, 3, 20, '25.0873949', '121.48493280000002', 'BLU BLU Kafe 不如咖啡', NULL, '02-2857-4906', NULL, '新北市三重區集英路126號', 'ㄧ~日 8:00~21:00', NULL, '<p>Hello, 我們是BLUBLU Kafe!&nbsp;<br />\r\n提供餐飲商品<br />\r\n-- 水果飲品 Fruit Drinks (新鮮果汁 Juice, 冰沙 Slush, 果昔 Smoothie)<br />\r\n-- 咖啡 Kaffe<br />\r\n-- 茶 Tea<br />\r\n-- 自製甜點 Homemade Pastry</p>\r\n', 'c95ed7cc346d28dd5c2badf6c5aeb5f1.jpg', 0, 1, 1, 1, '2017-12-06 14:46:40'),
(143, 2, 1, '25.0447417', '121.52533500000004', '慕哲咖啡', NULL, '233221096', NULL, '台北市中正區紹興北街3號一樓', '', NULL, '', NULL, 0, 1, 0, 3, '2017-12-06 14:46:40'),
(144, 2, 7, '25.0314571', '121.55990339999994', '老窩咖啡-吳興店', NULL, '227206360', NULL, '台北市信義區吳興街29號', '', NULL, '', NULL, 0, 1, 0, 3, '2017-12-06 14:46:40'),
(145, 2, 9, '25.133456', '121.497792', '黑金魚咖啡館', NULL, '228914400', NULL, '台北市北投區育仁路8巷3號', '', NULL, '', NULL, 0, 1, 0, 0, '2017-12-06 14:46:40'),
(146, 3, 3, '25.0180997', '121.47852460000001', '丹堤咖啡-板橋中山店', NULL, '229552228', NULL, '新北市板橋區中山路二段242號', '', NULL, '', NULL, 0, 1, 0, 0, '2017-12-06 14:46:40'),
(147, 2, 4, '25.0434545', '121.56321600000001', '九州鬆餅-松菸店', NULL, '227693358', NULL, '台北市松山區忠孝東路四段553巷22弄', '', NULL, '', NULL, 0, 1, 0, 1, '2017-12-06 14:46:40'),
(148, 3, 20, '25.0695734', '121.47777040000005', '貝思堤咖啡', NULL, '229880580', NULL, '新北市三重區中正北路179號', '', NULL, '', NULL, 0, 1, 0, 0, '2017-12-06 14:46:40'),
(149, 2, 9, '25.1149857', '121.50828260000003', '貝思堤咖啡店-微笑石牌店', NULL, '228213823', NULL, '台北市北投區實踐街26號', '', NULL, '', NULL, 0, 1, 0, 0, '2017-12-06 14:46:40'),
(150, 2, 10, '25.0810089', '121.56473299999993', '西雅圖-明碁店', NULL, '287512128', NULL, '台北市內湖區基湖路18號1樓', '', NULL, '', NULL, 0, 1, 0, 0, '2017-12-06 14:46:40'),
(151, 2, 3, '25.0585373', '121.52563880000002', '彼得好咖啡-林森', NULL, '225638855', NULL, '台北市中山區林森北路381號', '', NULL, '', NULL, 0, 1, 0, 1, '2017-12-06 14:46:40'),
(152, 7, 2, '24.6864537', '120.90463290000002', '丹堤咖啡-頭份', NULL, '037-597318', NULL, '苗栗縣頭份鎮自強路230號', '', NULL, '', NULL, 0, 1, 0, 2, '2017-12-06 14:46:40'),
(153, 3, 21, '25.0275489', '121.41894690000004', '彼得好咖啡-丹鳳店', NULL, '02-2906-9299', NULL, '新北市新莊區中正路863號', '一~日 7:30~21:30 / 三 休', NULL, '<p>訴求當天現烤現賣.新鮮烘焙麵包使用進口食材.無使用食品添加劑.香精.牛油.豬油<br />\r\n香醇濃郁的好咖啡.使用自製熬煮熬糖<br />\r\n健康滿點的輕食.絕無使用調理包.醬料自製<br />\r\n讓您吃得安心又健康</p>\r\n', '2fc3a289b2290726f84af223cbdc3d6a.jpg', 0, 1, 1, 13, '2017-12-06 14:46:40'),
(155, 2, 5, '25.0429203', '121.5554975', 'STAND UP-咖啡', NULL, '287726251', NULL, '台北市大安區延吉街131巷33號', '', NULL, '', NULL, 0, 1, 0, 0, '2017-12-06 14:46:40'),
(156, 2, 4, '25.0503773', '121.5618627', '大師兄咖啡', NULL, '227471311', NULL, '台北市松山區光復北路11巷89號', '', NULL, '', NULL, 0, 1, 0, 5, '2017-12-06 14:46:40'),
(157, 2, 11, '25.044454', '121.58244300000001', '丹堤-後山埤捷運', NULL, '226539386', NULL, '台北市南港區忠孝東路五段978號', '', NULL, '', NULL, 0, 1, 0, 0, '2017-12-06 14:46:40'),
(158, 2, 1, '25.0441303', '121.52939949999995', 'Gabbe-Fab華山', NULL, '02-3322474', NULL, '台北市中正區八德路一段1號 華山文', '', NULL, '', NULL, 0, 1, 0, 3, '2017-12-06 14:46:40'),
(159, 2, 8, '25.0888789', '121.50961050000001', '貝思堤咖啡-士林社正店', NULL, '288111855', NULL, '台北市士林區社正路41號', '', NULL, '', NULL, 0, 1, 0, 1, '2017-12-06 14:46:40'),
(160, 3, 24, '25.0841033', '121.47624670000005', '貝思堤-蘆洲民族店', NULL, '282853362', NULL, '新北市蘆洲區民族路327巷24號', '', NULL, '', NULL, 0, 1, 0, 0, '2017-12-06 14:46:40'),
(161, 2, 10, '25.0810692', '121.5636862', '丹堤-內湖堤頂店', NULL, '226584755', NULL, '台北市內湖區堤頂大道二段407巷24號', '', NULL, '', NULL, 0, 1, 0, 0, '2017-12-06 14:46:40'),
(163, 2, 4, '25.0608736', '121.56074710000007', '九州鬆餅-富錦街', NULL, '223758177', NULL, '台北市松山區台北市松山區富錦街413', '', NULL, '', NULL, 0, 1, 0, 1, '2017-12-06 14:46:40'),
(164, 2, 1, '25.02472', '121.52702799999997', '丹堤咖啡-師大浦城', NULL, '223626338', NULL, '台北市中正區浦城街9-12號', '', NULL, '', NULL, 0, 1, 0, 2, '2017-12-06 14:46:40'),
(166, 2, 4, '25.0638462', '121.53165220000005', '貝思堤咖啡-台北民權店', NULL, '225992592', NULL, '台北市松山區民權東路二段71巷22號', '', NULL, '', NULL, 0, 1, 0, 1, '2017-12-06 14:46:40'),
(167, 12, 1, '23.4912488', '120.4302424', '胡永泰咖啡-八德店', NULL, '05-2310-008', NULL, '嘉義市東西區八德路330號', '一~五 7:30~17:30 / 六~日 8:30~17:30', NULL, '<p>累積10年以上咖啡相關親身經驗，也認識更多產地咖啡豆，每一階段學習皆是讓買家花合理的費用，得到更優質的好咖啡。</p>\r\n', '955b88bc0a543290d70b217835c5da93.jpg', 0, 1, 1, 2, '2017-12-06 14:46:40'),
(168, 2, 4, '25.0466051', '121.54609779999998', '老窩咖啡-八德店', NULL, '287739770', NULL, '台北市松山區八德路二段366巷39號', '', NULL, '', NULL, 0, 1, 0, 2, '2017-12-06 14:46:40'),
(169, 2, 8, '25.1048704', '121.52251999999999', '貝思堤咖啡-芝山店', NULL, '910042780', NULL, '台北市士林區德行西路76號', '', NULL, '', NULL, 0, 1, 0, 0, '2017-12-06 14:46:40'),
(171, 2, 3, '25.0627166', '121.53296', '日光角落-民權店', NULL, '225865386', NULL, '台北市中山區民權東路二段107號', '', NULL, '', NULL, 0, 1, 0, 1, '2017-12-06 14:46:40'),
(172, 2, 1, '25.0322332', '121.51632930000005', '丹堤咖啡-南昌店', NULL, '223581083', NULL, '台北市中正區南昌路一段16號', '', NULL, '', NULL, 0, 1, 0, 5, '2017-12-06 14:46:40'),
(173, 5, 1, '24.770377', '121.01924699999995', '丹堤咖啡-新竹聯電', NULL, '03-6687014', NULL, '新竹市新竹市新竹科學園區力行二路3', '', NULL, '', NULL, 0, 1, 0, 2, '2017-12-06 14:46:40'),
(176, 8, 7, '24.161687', '120.65003550000006', '丹堤-愛買中港店', NULL, '922056568', NULL, '台中市西屯區台灣大道2段919號1樓', '', NULL, '', NULL, 0, 1, 0, 0, '2017-12-06 14:46:40'),
(177, 2, 3, '25.0836274', '121.55248200000005', '樂飴咖啡', NULL, '285091993', NULL, '台北市中山區敬業一路130號1樓', '', NULL, '', NULL, 0, 1, 0, 2, '2017-12-06 14:46:40'),
(179, 2, 9, '25.1337869', '121.502523', '黑金魚咖啡-美金', NULL, '228985512', NULL, '台北市北投區溫泉路6號', '', NULL, '', NULL, 0, 1, 0, 0, '2017-12-06 14:46:40'),
(180, 3, 23, '25.0902736', '121.38096999999993', '路角咖啡-文化三店', NULL, '226022705', NULL, '新北市林口區文化三路二段451號', '', NULL, '', NULL, 0, 1, 0, 0, '2017-12-06 14:46:40'),
(182, 2, 3, '25.0488445', '121.52158750000001', '二條通咖啡', NULL, '02-2531-4594', NULL, '台北市中山區中山北路一段33巷1號', 'ㄧ~日 12:00~21:00  / 五 12:00~21:30', NULL, '<p>二條通一號<br />\r\n抖落歲月的塵埃<br />\r\n以咖啡的香氣和人們的笑語<br />\r\n展露時代的美好<br />\r\n生命的 感 動</p>\r\n', '0975d377c295678d79172e8679178f8d.jpg', 0, 1, 1, 2, '2017-12-06 14:46:40'),
(184, 2, 9, '25.1321653', '121.50314900000001', '老窩咖啡-北投新市', NULL, '975255893', NULL, '台北市北投區新市街30號B135攤位', '', NULL, '', NULL, 0, 1, 0, 0, '2017-12-06 14:46:40'),
(187, 7, 2, '24.6914494', '120.91082069999993', '歐客佬咖啡-苗栗', NULL, '37666441', NULL, '苗栗縣頭份鎮忠孝一路177號1F', '', NULL, '', NULL, 0, 1, 0, 1, '2017-12-06 14:46:40'),
(221, NULL, NULL, NULL, NULL, 'bbb', 'aaa', 'ddd', NULL, 'ccc', NULL, NULL, NULL, NULL, 0, 0, 0, 0, '2018-01-16 06:51:33'),
(189, 15, 11, '22.6670219', '120.29785709999999', '歐客佬-高雄瑞豐', NULL, '952235330', NULL, '高雄市左營區明倫路85號', '', NULL, '', NULL, 0, 1, 0, 0, '2017-12-06 14:46:40'),
(190, 2, 5, '25.0318207', '121.54478240000003', '這間咖啡店', NULL, '227551288', NULL, '台北市大安區信義路四段30巷39號', '', NULL, '', NULL, 0, 1, 0, 0, '2017-12-06 14:46:40'),
(191, 2, 12, '24.9969466', '121.54487040000004', 'FRESH CAFE-景興店', NULL, '229330038', NULL, '台北市文山區景興路49號', '', NULL, '', NULL, 0, 1, 0, 0, '2017-12-06 14:46:40'),
(192, 3, 22, '25.0453978', '121.42582449999998', '吉米匠咖啡', NULL, '02-2906-0656', NULL, '新北市泰山區明志路二段346號', '二~日 10:00~22:00', NULL, '<p>我們是吉米匠，秉持對於品質的堅持，用心烘焙與調製每一杯吉米匠咖啡，並不定期提供優惠，敬邀您一同品嚐。</p>\r\n', 'f06dbf124649639980cb6edfe4f36049.jpg', 0, 1, 1, 0, '2017-12-06 14:46:40'),
(194, 2, 4, '25.0504715', '121.56267839999998', '由你咖啡-圖書館對面', NULL, '227487670', NULL, '台北市松山區八德路四段245巷52弄29', '', NULL, '', NULL, 0, 1, 0, 0, '2017-12-06 14:46:40'),
(196, 8, 7, '24.1650854', '120.63637659999995', '歐客佬咖啡-朝富店', NULL, '422543008', NULL, '台中市西屯區朝富路142-1號', '', NULL, '', NULL, 0, 1, 0, 0, '2017-12-06 14:46:40'),
(197, 8, 1, '24.114427', '120.66768960000002', '老窩咖啡-台中高工', NULL, '953686231', NULL, '台中市南區高工路377號', '', NULL, '', NULL, 0, 1, 0, 4, '2017-12-06 14:46:40'),
(198, 2, 3, '25.0637778', '121.53040579999993', '神燈咖啡-吉林', NULL, '225950581', NULL, '台北市中山區吉林路323號', '', NULL, '', NULL, 0, 1, 0, 1, '2017-12-06 14:46:40'),
(199, 5, 1, '24.778065', '120.98816899999997', '丹堤咖啡-新唐店', NULL, '03-5797847', NULL, '新竹市新竹市科學園區研新三路4號2', '', NULL, '', NULL, 0, 1, 0, 1, '2017-12-06 14:46:40'),
(200, 2, 10, '25.0777451', '121.571098', '丹堤-光寶科技', NULL, '0920-5502', NULL, '台北市內湖區瑞光路392號', '', NULL, '', NULL, 0, 1, 0, 0, '2017-12-06 14:46:40'),
(205, 2, 7, '25.0378419', '121.57645009999999', '引路咖啡 (Pharos Coffee)', NULL, '02-2727-1357', NULL, '台北市信義區虎林街202巷25號1樓 (永春捷運站4號出口)', '三~日 12:00~18:00 / ㄧ~二 休', NULL, '<p>在儀式裡，我們用行為表達文字無法敘述的尊敬</p>\r\n\r\n<p>從烘焙、萃取，到最後口中的咖啡<br />\r\n我們以嚴謹的態度處理每個環節，<br />\r\n以表示對咖啡的熱愛，<br />\r\n嚴謹的態度，<br />\r\n不是拘謹的姿勢，<br />\r\n不是派別之分，<br />\r\n而是專業的知識與豐富的經驗</p>\r\n\r\n<p>咖啡之路沒有終點<br />\r\n我們期許自己往前邁進的同時<br />\r\n也能為您指引一條正確的道路</p>\r\n', '186c17058c997406f57bd3ff69d92808.jpg', 0, 1, 1, 12, '2018-01-10 00:47:47'),
(206, 2, 1, '25.0415421', '121.53174250000006', '4MANO CAFFÉ-忠孝店', NULL, '02-2391-1356', NULL, '台北市中正區忠孝東路二段134巷3號', '一~日 12:00-21:30', NULL, '<p>好的食材，<br />\r\n專業的技術，<br />\r\n誠懇的態度，<br />\r\n服務每位客人。</p>\r\n', '62c2b2bb87107bc537705377a6cf9f3c.jpg', 0, 1, 1, 11, '2018-01-10 13:39:38'),
(207, 2, 3, '25.054231', '121.52419399999997', '4MANO CAFFÉ-晶華店', NULL, '02-2521-8536', NULL, '台北市中山北路二段39巷3號（晶華酒店B2麗晶精品）', '一~日 12:00-21:30', NULL, '<p>好的食材，&nbsp;<br />\r\n專業的技術，<br />\r\n誠懇的態度，<br />\r\n服務每位客人。</p>\r\n', '3d9b75ee81315375b33129f374f415c4.jpg', 0, 1, 1, 0, '2018-01-10 13:40:32'),
(208, 2, 4, '25.05828', '121.55361199999993', '4MANO CAFFÉ-民生店', NULL, '02-2713-3356 ', NULL, '台北市松山區民生東路四段123號', '平日 09:00-18:30 假日 11:00-20:30', NULL, '<p>好的食材，&nbsp;<br />\r\n專業的技術，<br />\r\n誠懇的態度，<br />\r\n服務每位客人。</p>\r\n', NULL, 0, 1, 0, 1, '2018-01-10 13:41:55'),
(209, 2, 3, '25.0591652', '121.53497300000004', '歐客佬咖啡-台北松江店', NULL, '02-2581-7780', NULL, '台北市中山區松江路2段132巷5-2號', '一~五 8:00~19:00 六 10:00~18:00', NULL, '<p>精品咖啡、手工咖啡、各國咖啡豆、咖啡器材、甜點<br />\r\n&nbsp;</p>\r\n', 'b9333a0fba258221bf08374f204cb69f.jpg', 0, 1, 1, 3, '2018-01-10 13:42:31'),
(210, 2, 3, '25.0601455', '121.53586440000004', '歐客佬咖啡-台北錦州店', NULL, '02-2517-6606', NULL, '台北市中山區錦州街296號1F', '一~五 8:00~20:00 六日 10:00~18:00', NULL, '<p>Provides high quality specialty coffee from all over the world！</p>\r\n', 'c0dc4defc26256f5e0b5900252bc4e3d.jpg', 0, 1, 1, 0, '2018-01-10 13:43:04'),
(211, 2, 4, '25.0504715', '121.56267839999998', '由你咖啡 Union Kaffe', NULL, '02-2748-7670', NULL, '台北市松山區八德路四段245巷52弄29', '一~日 12:00-22:00', NULL, '<p>#由你咖啡不定期公休，請關注我們的動態消息喔<br />\r\n關心你所關心，在乎你所在乎的，讓每個來訪的朋友，細細感受這裡所產生的相互關係! 帶著你的目的來吧，在這裡你會找到最適合的方式，SPEND</p>\r\n', 'd4807129c22b98316ab85cf5c9877a6e.jpg', 0, 1, 1, 5, '2018-01-10 14:42:00'),
(212, 12, 1, '23.4994534', '120.47800000000007', '幸福山丘HappyHill。 美好生活哲學', NULL, '05-2765-080', NULL, '嘉義市東西區東義路556巷52-1號', ' 二~五 11:00~19:00 / 六~日  10:00~19:00', NULL, '<p>過去幾年來，幸福山丘HappyHill，這片土地四月桐花雪飄的時候帶給無數人幸福感動。現在我們小園丁們繼續努力，希望往後一年四季都能給大家呈現不同的幸福面貌。</p>\r\n', '155cf13b00174ef2cd0a15e704b66359.jpg', 0, 1, 1, 2, '2018-01-10 14:43:21'),
(213, 15, 5, '22.6593781', '120.29039450000005', 'SPR COFFEE(美術店)', NULL, '07-5226-764', NULL, '高雄市鼓山區美術東四路436號1樓', '二~日 9:00~22:00 / 一 休息', NULL, '<p>被全球咖啡業內譽為烘焙機中的勞斯萊斯<br />\r\n本店所有進口咖啡豆皆為自產自用自銷<br />\r\n由PROBAT咖啡豆烘焙機現場烘培<br />\r\n所製作的咖啡絕對新鮮香醇</p>\r\n', '00d5690d9362a785f02e33ce5b3f51c8.JPG', 0, 1, 1, 0, '2018-01-10 14:44:30');

-- --------------------------------------------------------

--
-- 資料表結構 `user`
--

CREATE TABLE `user` (
  `id` int(4) UNSIGNED NOT NULL,
  `name` varchar(20) COLLATE utf8_unicode_ci DEFAULT NULL,
  `email` varchar(100) COLLATE utf8_unicode_ci DEFAULT NULL,
  `password` varchar(100) COLLATE utf8_unicode_ci DEFAULT NULL,
  `phone` varchar(10) COLLATE utf8_unicode_ci DEFAULT NULL,
  `token` text COLLATE utf8_unicode_ci,
  `app_id` varchar(100) COLLATE utf8_unicode_ci DEFAULT NULL,
  `created_at` timestamp NOT NULL DEFAULT CURRENT_TIMESTAMP,
  `updated_at` datetime NOT NULL
) ENGINE=InnoDB DEFAULT CHARSET=utf8 COLLATE=utf8_unicode_ci;

--
-- 資料表的匯出資料 `user`
--

INSERT INTO `user` (`id`, `name`, `email`, `password`, `phone`, `token`, `app_id`, `created_at`, `updated_at`) VALUES
(1, 'allen', 'aef@gmail.com', NULL, NULL, 'e52ea190f53ced1fcd9c3e211ef7c4d6', NULL, '2017-08-04 04:04:23', '0000-00-00 00:00:00'),
(2, 'Allen Shi', 'a0933786266@gmail.com', '202CB962AC59075B964B07152D234B70', NULL, '6f9f06d5949345c3b0099a6c45c4b659', '10211709387983914', '2017-08-07 15:34:55', '0000-00-00 00:00:00'),
(3, '陳薇安', 'futurefightnio@gmail.com', '16d7a4fca7442dda3ad93c9a726597e4', NULL, 'fbfcd4fda45db68a615bf846d28d4896', '', '2017-08-11 03:31:29', '0000-00-00 00:00:00');

-- --------------------------------------------------------

--
-- 資料表結構 `user_favorite`
--

CREATE TABLE `user_favorite` (
  `id` int(4) UNSIGNED NOT NULL,
  `key` varchar(100) COLLATE utf8_unicode_ci DEFAULT NULL,
  `song_id` int(4) DEFAULT NULL,
  `user_id` int(4) DEFAULT NULL,
  `status` int(4) NOT NULL DEFAULT '0',
  `created_at` timestamp NOT NULL DEFAULT CURRENT_TIMESTAMP,
  `updated_at` datetime DEFAULT NULL
) ENGINE=InnoDB DEFAULT CHARSET=utf8 COLLATE=utf8_unicode_ci;

--
-- 資料表的匯出資料 `user_favorite`
--

INSERT INTO `user_favorite` (`id`, `key`, `song_id`, `user_id`, `status`, `created_at`, `updated_at`) VALUES
(4, 'favorite', 51, 2, 0, '2017-08-17 14:15:56', NULL),
(6, 'favorite', 52, 2, 0, '2017-08-21 06:55:04', NULL),
(8, 'favorite', 221, 2, 0, '2017-08-21 13:24:37', NULL),
(10, 'favorite', 191, 2, 0, '2017-08-21 13:45:56', NULL);

-- --------------------------------------------------------

--
-- 資料表結構 `user_record`
--

CREATE TABLE `user_record` (
  `id` int(4) UNSIGNED NOT NULL,
  `user_id` int(4) DEFAULT NULL,
  `song_id` int(4) DEFAULT NULL,
  `key` varchar(100) COLLATE utf8_unicode_ci DEFAULT NULL,
  `phone` varchar(10) COLLATE utf8_unicode_ci DEFAULT NULL,
  `token` text COLLATE utf8_unicode_ci,
  `app_id` varchar(100) COLLATE utf8_unicode_ci DEFAULT NULL,
  `created_at` timestamp NOT NULL DEFAULT CURRENT_TIMESTAMP
) ENGINE=InnoDB DEFAULT CHARSET=utf8 COLLATE=utf8_unicode_ci;

-- --------------------------------------------------------

--
-- 資料表結構 `user_share`
--

CREATE TABLE `user_share` (
  `id` int(4) UNSIGNED NOT NULL,
  `song_id` int(4) DEFAULT NULL,
  `user_id` int(4) DEFAULT NULL,
  `title` varchar(50) COLLATE utf8_unicode_ci DEFAULT NULL,
  `link` text COLLATE utf8_unicode_ci,
  `name` varchar(10) COLLATE utf8_unicode_ci DEFAULT NULL,
  `context` text COLLATE utf8_unicode_ci,
  `home` int(4) NOT NULL DEFAULT '0',
  `status` int(4) NOT NULL DEFAULT '0',
  `created_at` timestamp NOT NULL DEFAULT CURRENT_TIMESTAMP,
  `updated_at` datetime DEFAULT NULL
) ENGINE=InnoDB DEFAULT CHARSET=utf8 COLLATE=utf8_unicode_ci;

--
-- 資料表的匯出資料 `user_share`
--

INSERT INTO `user_share` (`id`, `song_id`, `user_id`, `title`, `link`, `name`, `context`, `home`, `status`, `created_at`, `updated_at`) VALUES
(1, 52, 2, NULL, 'sd', 'asdas', 'dsadsd', 0, 0, '2017-08-09 15:09:27', NULL),
(2, 51, 2, NULL, 'https://www.youtube.com/watch?v=HO5tws_CjOA', '測試', '太棒了', 0, 0, '2017-08-13 13:30:36', NULL),
(3, 51, 2, 'Wedding Song Bob Dylan – Sean Pawling', 'https://www.youtube.com/watch?v=d04KjMhfXYo', 'Sean Pawli', '這是Eric & Hilary於 July 11, 2015結婚時，由賓客Sean Pawling為他們獻唱的Bob Dylan所創作的婚禮歌曲(Wedding Song Bob Dylan)，原唱歌聲沙啞，在Sean簡單不花俏的歌聲中，是如此深情款款，也可看出Dylan的歌寫的如何的動人。', 1, 1, '2017-08-15 13:29:58', NULL);

--
-- 已匯出資料表的索引
--

--
-- 資料表索引 `about`
--
ALTER TABLE `about`
  ADD PRIMARY KEY (`id`);

--
-- 資料表索引 `activity`
--
ALTER TABLE `activity`
  ADD PRIMARY KEY (`id`);

--
-- 資料表索引 `cityarea`
--
ALTER TABLE `cityarea`
  ADD PRIMARY KEY (`id`);

--
-- 資料表索引 `company`
--
ALTER TABLE `company`
  ADD PRIMARY KEY (`id`);

--
-- 資料表索引 `contact`
--
ALTER TABLE `contact`
  ADD PRIMARY KEY (`id`);

--
-- 資料表索引 `hot`
--
ALTER TABLE `hot`
  ADD PRIMARY KEY (`id`);

--
-- 資料表索引 `image`
--
ALTER TABLE `image`
  ADD PRIMARY KEY (`id`),
  ADD KEY `IDX_pid` (`pid`);

--
-- 資料表索引 `keyvalue`
--
ALTER TABLE `keyvalue`
  ADD PRIMARY KEY (`id`);

--
-- 資料表索引 `manager`
--
ALTER TABLE `manager`
  ADD PRIMARY KEY (`id`),
  ADD KEY `m_email` (`email`);

--
-- 資料表索引 `notice`
--
ALTER TABLE `notice`
  ADD PRIMARY KEY (`id`);

--
-- 資料表索引 `partner`
--
ALTER TABLE `partner`
  ADD PRIMARY KEY (`id`);

--
-- 資料表索引 `partner_category`
--
ALTER TABLE `partner_category`
  ADD PRIMARY KEY (`id`);

--
-- 資料表索引 `slide`
--
ALTER TABLE `slide`
  ADD PRIMARY KEY (`id`);

--
-- 資料表索引 `song_category`
--
ALTER TABLE `song_category`
  ADD PRIMARY KEY (`id`);

--
-- 資料表索引 `song_tag`
--
ALTER TABLE `song_tag`
  ADD PRIMARY KEY (`id`);

--
-- 資料表索引 `store`
--
ALTER TABLE `store`
  ADD PRIMARY KEY (`id`);

--
-- 資料表索引 `user`
--
ALTER TABLE `user`
  ADD PRIMARY KEY (`id`),
  ADD UNIQUE KEY `user_email_unique` (`email`);

--
-- 資料表索引 `user_favorite`
--
ALTER TABLE `user_favorite`
  ADD PRIMARY KEY (`id`);

--
-- 資料表索引 `user_record`
--
ALTER TABLE `user_record`
  ADD PRIMARY KEY (`id`),
  ADD UNIQUE KEY `user_email_unique` (`song_id`);

--
-- 資料表索引 `user_share`
--
ALTER TABLE `user_share`
  ADD PRIMARY KEY (`id`);

--
-- 在匯出的資料表使用 AUTO_INCREMENT
--

--
-- 使用資料表 AUTO_INCREMENT `about`
--
ALTER TABLE `about`
  MODIFY `id` int(4) NOT NULL AUTO_INCREMENT;
--
-- 使用資料表 AUTO_INCREMENT `activity`
--
ALTER TABLE `activity`
  MODIFY `id` int(10) NOT NULL AUTO_INCREMENT, AUTO_INCREMENT=34;
--
-- 使用資料表 AUTO_INCREMENT `cityarea`
--
ALTER TABLE `cityarea`
  MODIFY `id` int(4) NOT NULL AUTO_INCREMENT COMMENT '區域編號', AUTO_INCREMENT=66;
--
-- 使用資料表 AUTO_INCREMENT `company`
--
ALTER TABLE `company`
  MODIFY `id` int(4) NOT NULL AUTO_INCREMENT, AUTO_INCREMENT=96;
--
-- 使用資料表 AUTO_INCREMENT `contact`
--
ALTER TABLE `contact`
  MODIFY `id` int(4) NOT NULL AUTO_INCREMENT;
--
-- 使用資料表 AUTO_INCREMENT `hot`
--
ALTER TABLE `hot`
  MODIFY `id` int(10) NOT NULL AUTO_INCREMENT, AUTO_INCREMENT=4;
--
-- 使用資料表 AUTO_INCREMENT `image`
--
ALTER TABLE `image`
  MODIFY `id` int(10) NOT NULL AUTO_INCREMENT;
--
-- 使用資料表 AUTO_INCREMENT `keyvalue`
--
ALTER TABLE `keyvalue`
  MODIFY `id` int(4) NOT NULL AUTO_INCREMENT, AUTO_INCREMENT=3;
--
-- 使用資料表 AUTO_INCREMENT `manager`
--
ALTER TABLE `manager`
  MODIFY `id` int(10) NOT NULL AUTO_INCREMENT COMMENT '會員id', AUTO_INCREMENT=923;
--
-- 使用資料表 AUTO_INCREMENT `notice`
--
ALTER TABLE `notice`
  MODIFY `id` int(4) NOT NULL AUTO_INCREMENT;
--
-- 使用資料表 AUTO_INCREMENT `partner`
--
ALTER TABLE `partner`
  MODIFY `id` int(10) NOT NULL AUTO_INCREMENT, AUTO_INCREMENT=5;
--
-- 使用資料表 AUTO_INCREMENT `partner_category`
--
ALTER TABLE `partner_category`
  MODIFY `id` int(10) UNSIGNED NOT NULL AUTO_INCREMENT, AUTO_INCREMENT=7;
--
-- 使用資料表 AUTO_INCREMENT `slide`
--
ALTER TABLE `slide`
  MODIFY `id` int(4) NOT NULL AUTO_INCREMENT, AUTO_INCREMENT=6;
--
-- 使用資料表 AUTO_INCREMENT `song_category`
--
ALTER TABLE `song_category`
  MODIFY `id` int(10) UNSIGNED NOT NULL AUTO_INCREMENT, AUTO_INCREMENT=7;
--
-- 使用資料表 AUTO_INCREMENT `song_tag`
--
ALTER TABLE `song_tag`
  MODIFY `id` int(4) NOT NULL AUTO_INCREMENT, AUTO_INCREMENT=21;
--
-- 使用資料表 AUTO_INCREMENT `store`
--
ALTER TABLE `store`
  MODIFY `id` int(10) NOT NULL AUTO_INCREMENT, AUTO_INCREMENT=222;
--
-- 使用資料表 AUTO_INCREMENT `user`
--
ALTER TABLE `user`
  MODIFY `id` int(4) UNSIGNED NOT NULL AUTO_INCREMENT, AUTO_INCREMENT=4;
--
-- 使用資料表 AUTO_INCREMENT `user_favorite`
--
ALTER TABLE `user_favorite`
  MODIFY `id` int(4) UNSIGNED NOT NULL AUTO_INCREMENT, AUTO_INCREMENT=11;
--
-- 使用資料表 AUTO_INCREMENT `user_record`
--
ALTER TABLE `user_record`
  MODIFY `id` int(4) UNSIGNED NOT NULL AUTO_INCREMENT;
--
-- 使用資料表 AUTO_INCREMENT `user_share`
--
ALTER TABLE `user_share`
  MODIFY `id` int(4) UNSIGNED NOT NULL AUTO_INCREMENT, AUTO_INCREMENT=4;
/*!40101 SET CHARACTER_SET_CLIENT=@OLD_CHARACTER_SET_CLIENT */;
/*!40101 SET CHARACTER_SET_RESULTS=@OLD_CHARACTER_SET_RESULTS */;
/*!40101 SET COLLATION_CONNECTION=@OLD_COLLATION_CONNECTION */;
